-- MySQL dump 10.13  Distrib 5.1.73, for unknown-linux-gnueabi (armv6l)
--
-- Host: localhost    Database: addon
-- ------------------------------------------------------
-- Server version	5.1.73-log

/*!40101 SET @OLD_CHARACTER_SET_CLIENT=@@CHARACTER_SET_CLIENT */;
/*!40101 SET @OLD_CHARACTER_SET_RESULTS=@@CHARACTER_SET_RESULTS */;
/*!40101 SET @OLD_COLLATION_CONNECTION=@@COLLATION_CONNECTION */;
/*!40101 SET NAMES utf8 */;
/*!40103 SET @OLD_TIME_ZONE=@@TIME_ZONE */;
/*!40103 SET TIME_ZONE='+00:00' */;
/*!40014 SET @OLD_UNIQUE_CHECKS=@@UNIQUE_CHECKS, UNIQUE_CHECKS=0 */;
/*!40014 SET @OLD_FOREIGN_KEY_CHECKS=@@FOREIGN_KEY_CHECKS, FOREIGN_KEY_CHECKS=0 */;
/*!40101 SET @OLD_SQL_MODE=@@SQL_MODE, SQL_MODE='NO_AUTO_VALUE_ON_ZERO' */;
/*!40111 SET @OLD_SQL_NOTES=@@SQL_NOTES, SQL_NOTES=0 */;

--
-- Current Database: `addon`
--

CREATE DATABASE /*!32312 IF NOT EXISTS*/ `addon` /*!40100 DEFAULT CHARACTER SET utf8 */;

USE `addon`;

--
-- Table structure for table `cache`
--

DROP TABLE IF EXISTS `cache`;
/*!40101 SET @saved_cs_client     = @@character_set_client */;
/*!40101 SET character_set_client = utf8 */;
CREATE TABLE `cache` (
  `ID` bigint(4) NOT NULL AUTO_INCREMENT,
  `QID` char(32) NOT NULL,
  `TID` char(32) NOT NULL,
  `RESULT` text NOT NULL,
  `TIME` timestamp NOT NULL DEFAULT CURRENT_TIMESTAMP,
  PRIMARY KEY (`ID`),
  UNIQUE KEY `QID` (`QID`)
) ENGINE=MyISAM AUTO_INCREMENT=4 DEFAULT CHARSET=utf8;
/*!40101 SET character_set_client = @saved_cs_client */;

--
-- Dumping data for table `cache`
--

LOCK TABLES `cache` WRITE;
/*!40000 ALTER TABLE `cache` DISABLE KEYS */;
INSERT INTO `cache` VALUES (1,'select * form torrents','addon.torrents','','2015-05-06 12:41:33'),(2,'de9470b82f8c6c6947a877dcf177d7f3','4b66669a981bab98496a80d23a39f871','','2015-05-06 12:42:08'),(3,'8082d4593670f0bf8f993b2aa2996e37','4b66669a981bab98496a80d23a39f871','4444444','2015-05-06 12:46:47');
/*!40000 ALTER TABLE `cache` ENABLE KEYS */;
UNLOCK TABLES;

--
-- Table structure for table `groups`
--

DROP TABLE IF EXISTS `groups`;
/*!40101 SET @saved_cs_client     = @@character_set_client */;
/*!40101 SET character_set_client = utf8 */;
CREATE TABLE `groups` (
  `ID` bigint(4) NOT NULL AUTO_INCREMENT,
  `NAME` varchar(20) NOT NULL,
  `DESC.` varchar(256) NOT NULL,
  PRIMARY KEY (`ID`),
  UNIQUE KEY `NAME` (`NAME`)
) ENGINE=InnoDB AUTO_INCREMENT=1001 DEFAULT CHARSET=utf8 COMMENT='组列表';
/*!40101 SET character_set_client = @saved_cs_client */;

--
-- Dumping data for table `groups`
--

LOCK TABLES `groups` WRITE;
/*!40000 ALTER TABLE `groups` DISABLE KEYS */;
INSERT INTO `groups` VALUES (3,'guest','游客'),(4,'user','普通用户'),(1000,'admin','管理员');
/*!40000 ALTER TABLE `groups` ENABLE KEYS */;
UNLOCK TABLES;

--
-- Table structure for table `paths`
--

DROP TABLE IF EXISTS `paths`;
/*!40101 SET @saved_cs_client     = @@character_set_client */;
/*!40101 SET character_set_client = utf8 */;
CREATE TABLE `paths` (
  `ID` bigint(4) NOT NULL AUTO_INCREMENT,
  `NAME` char(255) NOT NULL,
  `PATH` char(255) NOT NULL,
  `DESC.` varchar(255) DEFAULT NULL,
  PRIMARY KEY (`ID`),
  UNIQUE KEY `NAME` (`NAME`)
) ENGINE=InnoDB AUTO_INCREMENT=51 DEFAULT CHARSET=utf8;
/*!40101 SET character_set_client = @saved_cs_client */;

--
-- Dumping data for table `paths`
--

LOCK TABLES `paths` WRITE;
/*!40000 ALTER TABLE `paths` DISABLE KEYS */;
INSERT INTO `paths` VALUES (48,'/share/anim/','/home/share/20151012/anim/','动漫'),(49,'/share/','/home/share/20151012/','视频'),(50,'/share/other/','/home/share/20151012/other/','其他');
/*!40000 ALTER TABLE `paths` ENABLE KEYS */;
UNLOCK TABLES;

--
-- Table structure for table `resources`
--

DROP TABLE IF EXISTS `resources`;
/*!40101 SET @saved_cs_client     = @@character_set_client */;
/*!40101 SET character_set_client = utf8 */;
CREATE TABLE `resources` (
  `ID` bigint(4) NOT NULL AUTO_INCREMENT,
  `NAME` varchar(256) NOT NULL,
  `FILENAME` char(255) NOT NULL,
  `KEYWORD` varchar(256) NOT NULL DEFAULT '无',
  `DESC.` varchar(256) NOT NULL DEFAULT '无',
  `PATH` bigint(4) NOT NULL,
  `COUNT` bigint(4) NOT NULL DEFAULT '0',
  `STATUS` bigint(4) NOT NULL DEFAULT '1',
  `SETUP_TIME` timestamp NOT NULL DEFAULT CURRENT_TIMESTAMP,
  PRIMARY KEY (`ID`),
  UNIQUE KEY `FILENAME` (`FILENAME`,`PATH`),
  KEY `FK_SID2` (`STATUS`),
  KEY `FK_PID` (`PATH`),
  CONSTRAINT `FK_PID` FOREIGN KEY (`PATH`) REFERENCES `paths` (`ID`),
  CONSTRAINT `FK_SID2` FOREIGN KEY (`STATUS`) REFERENCES `status` (`ID`)
) ENGINE=InnoDB AUTO_INCREMENT=8777 DEFAULT CHARSET=utf8 COMMENT='资源列表';
/*!40101 SET character_set_client = @saved_cs_client */;

--
-- Dumping data for table `resources`
--

LOCK TABLES `resources` WRITE;
/*!40000 ALTER TABLE `resources` DISABLE KEYS */;
INSERT INTO `resources` VALUES (8055,'/share/anim/[maho.sub][collaboration works]えろげー！hもゲームも開発三昧 ～み、みんなが見ている前でこんなこと！？ 寧々は大人のレディーだもん編～[psp].mp4','[maho.sub][collaboration works]えろげー！hもゲームも開発三昧 ～み、みんなが見ている前でこんなこと！？ 寧々は大人のレディーだもん編～[psp].mp4','[maho.sub][collaboration works]えろげー！hもゲームも開発三昧 ～み、みんなが見ている前でこんなこと！？ 寧々は大人のレディーだもん編～[psp].mp4','动漫',48,0,1,'2015-11-17 07:56:14'),(8056,'/share/anim/(18禁アニメ) (無修正) 人妻交姦日記 前編 (dvd 704x396 x264)[crc ad91].mp4','(18禁アニメ) (無修正) 人妻交姦日記 前編 (dvd 704x396 x264)[crc ad91].mp4','(18禁アニメ) (無修正) 人妻交姦日記 前編 (dvd 704x396 x264)[crc ad91].mp4','动漫',48,0,1,'2015-11-17 07:56:14'),(8057,'/share/anim/(18禁アニメ) (無修正) 人妻交姦日記 後編 (dvd 704x396 x264)[crc 27cc].mp4','(18禁アニメ) (無修正) 人妻交姦日記 後編 (dvd 704x396 x264)[crc 27cc].mp4','(18禁アニメ) (無修正) 人妻交姦日記 後編 (dvd 704x396 x264)[crc 27cc].mp4','动漫',48,0,1,'2015-11-17 07:56:14'),(8058,'/share/anim/(18禁アニメ) [110930] [poro] reunion 「摩穂の制服～クールなポニテの切ないおねだり～」 (704×396 h264).mp4','(18禁アニメ) [110930] [poro] reunion 「摩穂の制服～クールなポニテの切ないおねだり～」 (704×396 h264).mp4','(18禁アニメ) [110930] [poro] reunion 「摩穂の制服～クールなポニテの切ないおねだり～」 (704×396 h264).mp4','动漫',48,0,1,'2015-11-17 07:56:14'),(8059,'/share/anim/(18禁アニメ) [110930] [ガールズトーク] dreamnote 第二話「堕落家族、乱交開始！」 (704×396 h264).mp4','(18禁アニメ) [110930] [ガールズトーク] dreamnote 第二話「堕落家族、乱交開始！」 (704×396 h264).mp4','(18禁アニメ) [110930] [ガールズトーク] dreamnote 第二話「堕落家族、乱交開始！」 (704×396 h264).mp4','动漫',48,0,1,'2015-11-17 07:56:14'),(8060,'/share/anim/(18禁アニメ) 少交女 the animation virgin.1 「絢音と柚とお兄ちゃん」 (dvd 704x396 30fps h264 aac).mp4','(18禁アニメ) 少交女 the animation virgin.1 「絢音と柚とお兄ちゃん」 (dvd 704x396 30fps h264 aac).mp4','(18禁アニメ) 少交女 the animation virgin.1 「絢音と柚とお兄ちゃん」 (dvd 704x396 30fps h264 aac).mp4','动漫',48,0,1,'2015-11-17 07:56:15'),(8061,'/share/anim/0716-006.mp4','0716-006.mp4','0716-006.mp4','动漫',48,0,1,'2015-11-17 07:56:15'),(8062,'/share/anim/11_学血3졁ﮐ悦辱1.mp4','11_学血3졁ﮐ悦辱1.mp4','11_学血3졁ﮐ悦辱1.mp4','动漫',48,0,1,'2015-11-17 07:56:15'),(8063,'/share/anim/[140725][ピンクパイナップル]聖娼女 the animation 「聖女のように清らかで、娼婦のように淫らに…」.mp4','[140725][ピンクパイナップル]聖娼女 the animation 「聖女のように清らかで、娼婦のように淫らに…」.mp4','[140725][ピンクパイナップル]聖娼女 the animation 「聖女のように清らかで、娼婦のように淫らに…」.mp4','动漫',48,0,1,'2015-11-17 07:56:15'),(8064,'/share/anim/[140725][ピンクパイナップル]脅迫ⅱ ～もうひとつの明日～ コアmix メガ盛り オカズですよ.mp4','[140725][ピンクパイナップル]脅迫ⅱ ～もうひとつの明日～ コアmix メガ盛り オカズですよ.mp4','[140725][ピンクパイナップル]脅迫ⅱ ～もうひとつの明日～ コアmix メガ盛り オカズですよ.mp4','动漫',48,0,1,'2015-11-17 07:56:15'),(8065,'/share/anim/[140829][collaboration works]都合のよいセックスフレンド？ hなおねだり鬼仕様！5人の希望はエロエロヘビーローテーション 編.mp4','[140829][collaboration works]都合のよいセックスフレンド？ hなおねだり鬼仕様！5人の希望はエロエロヘビーローテーション 編.mp4','[140829][collaboration works]都合のよいセックスフレンド？ hなおねだり鬼仕様！5人の希望はエロエロヘビーローテーション 編.mp4','动漫',48,0,1,'2015-11-17 07:56:16'),(8066,'/share/anim/[140829][ピンクパイナップル]pandra the animation 「白き欲望 黒の希望」 ii.mp4','[140829][ピンクパイナップル]pandra the animation 「白き欲望 黒の希望」 ii.mp4','[140829][ピンクパイナップル]pandra the animation 「白き欲望 黒の希望」 ii.mp4','动漫',48,0,1,'2015-11-17 07:56:16'),(8067,'/share/anim/[150123][メリー・ジェーン]女子校生の腰つき ビーチバレー部編 Round2.mp4','[150123][メリー・ジェーン]女子校生の腰つき ビーチバレー部編 Round2.mp4','[150123][メリー・ジェーン]女子校生の腰つき ビーチバレー部編 Round2.mp4','动漫',48,0,1,'2015-11-17 07:56:16'),(8068,'/share/anim/[150213][ Queen Bee]穴の奥のいい秘部（ところ） 2 ［流一本］.mp4','[150213][ Queen Bee]穴の奥のいい秘部（ところ） 2 ［流一本］.mp4','[150213][ Queen Bee]穴の奥のいい秘部（ところ） 2 ［流一本］.mp4','动漫',48,0,1,'2015-11-17 07:56:16'),(8069,'/share/anim/[150227][ピンクパイナップル]しゃぶら◆レンタル～エッチなおねえさんとのエロエロレンタルお勉強～THE ANIMATION.mp4','[150227][ピンクパイナップル]しゃぶら◆レンタル～エッチなおねえさんとのエロエロレンタルお勉強～THE ANIMATION.mp4','[150227][ピンクパイナップル]しゃぶら◆レンタル～エッチなおねえさんとのエロエロレンタルお勉強～THE ANIMATION.mp4','动漫',48,0,1,'2015-11-17 07:56:16'),(8070,'/share/anim/[150327][ Queen Bee]えろまめ 2 ［恵田真芽］.mp4','[150327][ Queen Bee]えろまめ 2 ［恵田真芽］.mp4','[150327][ Queen Bee]えろまめ 2 ［恵田真芽］.mp4','动漫',48,0,1,'2015-11-17 07:56:16'),(8071,'/share/anim/[150424][PoRO]あい☆きゃん～はめドル・レイナ～囁く憎棒に拒み潤う媚肉◆～.mp4','[150424][PoRO]あい☆きゃん～はめドル・レイナ～囁く憎棒に拒み潤う媚肉◆～.mp4','[150424][PoRO]あい☆きゃん～はめドル・レイナ～囁く憎棒に拒み潤う媚肉◆～.mp4','动漫',48,0,1,'2015-11-17 07:56:16'),(8072,'/share/anim/[150424][ツクルノモリ]ヴィクトリアメイド マリアの奉仕.mp4','[150424][ツクルノモリ]ヴィクトリアメイド マリアの奉仕.mp4','[150424][ツクルノモリ]ヴィクトリアメイド マリアの奉仕.mp4','动漫',48,0,1,'2015-11-17 07:56:16'),(8073,'/share/anim/[150724]ピンクパイナップル]LOVELY×CATION THE ANIMATION ＃2 「初恋の日々、再び◆」.mp4','[150724]ピンクパイナップル]LOVELY×CATION THE ANIMATION ＃2 「初恋の日々、再び◆」.mp4','[150724]ピンクパイナップル]LOVELY×CATION THE ANIMATION ＃2 「初恋の日々、再び◆」.mp4','动漫',48,0,1,'2015-11-17 07:56:16'),(8074,'/share/anim/[5月新番][魔穗字幕组][sweet home～hなお姉さんは好きですか？～ 二甘][x264_aac].mp4','[5月新番][魔穗字幕组][sweet home～hなお姉さんは好きですか？～ 二甘][x264_aac].mp4','[5月新番][魔穗字幕组][sweet home～hなお姉さんは好きですか？～ 二甘][x264_aac].mp4','动漫',48,0,1,'2015-11-17 07:56:16'),(8075,'/share/anim/[EROBEAT]_Dekakute_Ecchi_na_Ore_no_Ane_-_01_[LQ][x264][70C0E3FC].mp4','[EROBEAT]_Dekakute_Ecchi_na_Ore_no_Ane_-_01_[LQ][x264][70C0E3FC].mp4','[EROBEAT]_Dekakute_Ecchi_na_Ore_no_Ane_-_01_[LQ][x264][70C0E3FC].mp4','动漫',48,0,1,'2015-11-17 07:56:16'),(8076,'/share/anim/[erokuni]_yariman_fudousan_-_02_[480p][x264][c303b276].mp4','[erokuni]_yariman_fudousan_-_02_[480p][x264][c303b276].mp4','[erokuni]_yariman_fudousan_-_02_[480p][x264][c303b276].mp4','动漫',48,0,1,'2015-11-17 07:56:16'),(8077,'/share/anim/[FOXSUB]First Love 香澄[854x480][x264_aac][mp4].mp4','[FOXSUB]First Love 香澄[854x480][x264_aac][mp4].mp4','[FOXSUB]First Love 香澄[854x480][x264_aac][mp4].mp4','动漫',48,0,1,'2015-11-17 07:56:16'),(8078,'/share/anim/[foxsub]えろげー！～hもゲームも開発三昧～ 姫乃きさら 恋、始めました編[854x480][x264_aac][mp4].mp4','[foxsub]えろげー！～hもゲームも開発三昧～ 姫乃きさら 恋、始めました編[854x480][x264_aac][mp4].mp4','[foxsub]えろげー！～hもゲームも開発三昧～ 姫乃きさら 恋、始めました編[854x480][x264_aac][mp4].mp4','动漫',48,0,1,'2015-11-17 07:56:16'),(8079,'/share/anim/[hentai3x.com]-[140627][poro]喰ヒ人 ツンデレストッキング・琴音 ～乱れ尻ハメ乗り2穴～.mp4','[hentai3x.com]-[140627][poro]喰ヒ人 ツンデレストッキング・琴音 ～乱れ尻ハメ乗り2穴～.mp4','[hentai3x.com]-[140627][poro]喰ヒ人 ツンデレストッキング・琴音 ～乱れ尻ハメ乗り2穴～.mp4','动漫',48,0,1,'2015-11-17 07:56:16'),(8080,'/share/anim/[hentai3x.com]-[140627][ピンクパイナップル]恋愛不要学派 the animation 「私を調教してみたい」.mp4','[hentai3x.com]-[140627][ピンクパイナップル]恋愛不要学派 the animation 「私を調教してみたい」.mp4','[hentai3x.com]-[140627][ピンクパイナップル]恋愛不要学派 the animation 「私を調教してみたい」.mp4','动漫',48,0,1,'2015-11-17 07:56:17'),(8081,'/share/anim/[hentai3x.com]-[140627][ピンクパイナップル]新・聖ヤリマン学園援交日記 the animation.mp4','[hentai3x.com]-[140627][ピンクパイナップル]新・聖ヤリマン学園援交日記 the animation.mp4','[hentai3x.com]-[140627][ピンクパイナップル]新・聖ヤリマン学園援交日記 the animation.mp4','动漫',48,0,1,'2015-11-17 07:56:17'),(8082,'/share/anim/[hentai3x.com]-[raw-d.net]-夏のひめごと。.mp4','[hentai3x.com]-[raw-d.net]-夏のひめごと。.mp4','[hentai3x.com]-[raw-d.net]-夏のひめごと。.mp4','动漫',48,0,1,'2015-11-17 07:56:17'),(8083,'/share/anim/[hentai3x.com]-フルエルクチビル fuzzy lips 0（ゼロ）.mp4','[hentai3x.com]-フルエルクチビル fuzzy lips 0（ゼロ）.mp4','[hentai3x.com]-フルエルクチビル fuzzy lips 0（ゼロ）.mp4','动漫',48,0,1,'2015-11-17 07:56:17'),(8084,'/share/anim/[joshikousei no koshitsuki vol.03][480p].mp4','[joshikousei no koshitsuki vol.03][480p].mp4','[joshikousei no koshitsuki vol.03][480p].mp4','动漫',48,0,1,'2015-11-17 07:56:17'),(8085,'/share/anim/[130927][ピンクパイナップル]母娘乱館 the animation 「琴音の章」.mp4','[130927][ピンクパイナップル]母娘乱館 the animation 「琴音の章」.mp4','[130927][ピンクパイナップル]母娘乱館 the animation 「琴音の章」.mp4','动漫',48,0,1,'2015-11-17 07:56:17'),(8086,'/share/anim/[140228][pashminaａ]もう挟まずにはいられない ~星にお願いしたらこんなにおっきくなっちゃった!.mp4','[140228][pashminaａ]もう挟まずにはいられない ~星にお願いしたらこんなにおっきくなっちゃった!.mp4','[140228][pashminaａ]もう挟まずにはいられない ~星にお願いしたらこんなにおっきくなっちゃった!.mp4','动漫',48,0,1,'2015-11-17 07:56:17'),(8087,'/share/anim/[140228][poro]jkとオーク兵団 ～悪豚鬼に凌虐された聖女学園～ お嬢様jk恥じらい嗜虐～終わりのない始まり～.mp4','[140228][poro]jkとオーク兵団 ～悪豚鬼に凌虐された聖女学園～ お嬢様jk恥じらい嗜虐～終わりのない始まり～.mp4','[140228][poro]jkとオーク兵団 ～悪豚鬼に凌虐された聖女学園～ お嬢様jk恥じらい嗜虐～終わりのない始まり～.mp4','动漫',48,0,1,'2015-11-17 07:56:17'),(8088,'/share/anim/[140228][サークルトリビュート]奥様は元ヤリマン.mp4','[140228][サークルトリビュート]奥様は元ヤリマン.mp4','[140228][サークルトリビュート]奥様は元ヤリマン.mp4','动漫',48,0,1,'2015-11-17 07:56:17'),(8089,'/share/anim/[140228][ピンクパイナップル]アトリエかぐや コレクション コアmix メガ盛り オカズですよ.mp4','[140228][ピンクパイナップル]アトリエかぐや コレクション コアmix メガ盛り オカズですよ.mp4','[140228][ピンクパイナップル]アトリエかぐや コレクション コアmix メガ盛り オカズですよ.mp4','动漫',48,0,1,'2015-11-17 07:56:17'),(8090,'/share/anim/[140228][ピンクパイナップル]恋騎士 purely☆kiss the animation limited edition 「藤守由宇」.mp4','[140228][ピンクパイナップル]恋騎士 purely☆kiss the animation limited edition 「藤守由宇」.mp4','[140228][ピンクパイナップル]恋騎士 purely☆kiss the animation limited edition 「藤守由宇」.mp4','动漫',48,0,1,'2015-11-17 07:56:17'),(8091,'/share/anim/[140228][ピンクパイナップル]椎葉さんのウラの顔。 with イモートリップ.mp4','[140228][ピンクパイナップル]椎葉さんのウラの顔。 with イモートリップ.mp4','[140228][ピンクパイナップル]椎葉さんのウラの顔。 with イモートリップ.mp4','动漫',48,0,1,'2015-11-17 07:56:17'),(8092,'/share/anim/[140228][鈴木みら乃]ヤバい！-復讐・闇サイト- いじめ速報、燃料投下！？ ネット民に問う。妹殺しはこの牝豚3人の中に…… 編.mp4','[140228][鈴木みら乃]ヤバい！-復讐・闇サイト- いじめ速報、燃料投下！？ ネット民に問う。妹殺しはこの牝豚3人の中に…… 編.mp4','[140228][鈴木みら乃]ヤバい！-復讐・闇サイト- いじめ速報、燃料投下！？ ネット民に問う。妹殺しはこの牝豚3人の中に…… 編.mp4','动漫',48,0,1,'2015-11-17 07:56:17'),(8093,'/share/anim/[140704][animan]もっかいしよ？ ちーぷ▼すろーと.mp4','[140704][animan]もっかいしよ？ ちーぷ▼すろーと.mp4','[140704][animan]もっかいしよ？ ちーぷ▼すろーと.mp4','动漫',48,0,1,'2015-11-17 07:56:17'),(8094,'/share/anim/[140704][メリー・ジェーン]女子高生の腰つき 写真部編.mp4','[140704][メリー・ジェーン]女子高生の腰つき 写真部編.mp4','[140704][メリー・ジェーン]女子高生の腰つき 写真部編.mp4','动漫',48,0,1,'2015-11-17 07:56:17'),(8095,'/share/anim/11_学血3졁ﮐ悦辱2.mp4','11_学血3졁ﮐ悦辱2.mp4','11_学血3졁ﮐ悦辱2.mp4','动漫',48,0,1,'2015-11-17 07:56:17'),(8096,'/share/anim/niku mesu r30 nikuyoku ni ochita mesu-tachi the animation vol.  01 .mp4','niku mesu r30 nikuyoku ni ochita mesu-tachi the animation vol.  01 .mp4','niku mesu r30 nikuyoku ni ochita mesu-tachi the animation vol.  01 .mp4','动漫',48,0,1,'2015-11-17 07:56:17'),(8097,'/share/anim/OVA 恥熱カルテ The Devilish Cherry 上巻.mp4','OVA 恥熱カルテ The Devilish Cherry 上巻.mp4','OVA 恥熱カルテ The Devilish Cherry 上巻.mp4','动漫',48,0,1,'2015-11-17 07:56:17'),(8098,'/share/anim/[130927] [鈴木みら乃] wanna. ～spartansex spermax！！！～ 中出し、媚薬、男の娘（こ）、ゲシュタルト崩壊編 v2.mp4','[130927] [鈴木みら乃] wanna. ～spartansex spermax！！！～ 中出し、媚薬、男の娘（こ）、ゲシュタルト崩壊編 v2.mp4','[130927] [鈴木みら乃] wanna. ～spartansex spermax！！！～ 中出し、媚薬、男の娘（こ）、ゲシュタルト崩壊編 v2.mp4','动漫',48,0,1,'2015-11-17 07:56:18'),(8099,'/share/anim/[140725][collaboration works]真希ちゃんとなう。 ～真希＆由希のド変態共同『性』活◆編～.mp4','[140725][collaboration works]真希ちゃんとなう。 ～真希＆由希のド変態共同『性』活◆編～.mp4','[140725][collaboration works]真希ちゃんとなう。 ～真希＆由希のド変態共同『性』活◆編～.mp4','动漫',48,0,1,'2015-11-17 07:56:18'),(8100,'/share/anim/[ajzr.sub]凌成敗！～学園美少女制裁秘録～ 若菜と咲と、成敗の終わりと編.mp4','[ajzr.sub]凌成敗！～学園美少女制裁秘録～ 若菜と咲と、成敗の終わりと編.mp4','[ajzr.sub]凌成敗！～学園美少女制裁秘録～ 若菜と咲と、成敗の終わりと編.mp4','动漫',48,0,1,'2015-11-17 07:56:18'),(8101,'/share/anim/[joshikousei no koshitsuki vol.04][480p].mp4','[joshikousei no koshitsuki vol.04][480p].mp4','[joshikousei no koshitsuki vol.04][480p].mp4','动漫',48,0,1,'2015-11-17 07:56:18'),(8102,'/share/anim/33[140829][エンゼルフィッシュ]OVA魔法少女はキスして変身る ＃1 彼女が他の男とXXして魔法少女になるなんて！.mp4','33[140829][エンゼルフィッシュ]OVA魔法少女はキスして変身る ＃1 彼女が他の男とXXして魔法少女になるなんて！.mp4','33[140829][エンゼルフィッシュ]OVA魔法少女はキスして変身る ＃1 彼女が他の男とXXして魔法少女になるなんて！.mp4','动漫',48,0,1,'2015-11-17 07:56:18'),(8103,'/share/anim/OVA 恥熱カルテ The Devilish Cherry 下巻.mp4','OVA 恥熱カルテ The Devilish Cherry 下巻.mp4','OVA 恥熱カルテ The Devilish Cherry 下巻.mp4','动漫',48,0,1,'2015-11-17 07:56:18'),(8104,'/share/anim/OVA 第1话「女神天使 優理 啼きしゃぶる肉棒おもてなし」.mp4','OVA 第1话「女神天使 優理 啼きしゃぶる肉棒おもてなし」.mp4','OVA 第1话「女神天使 優理 啼きしゃぶる肉棒おもてなし」.mp4','动漫',48,0,1,'2015-11-17 07:56:18'),(8105,'/share/anim/OVA 第2话「狙われた巨乳無垢 優理 護った笑顔に堕とされて」.mp4','OVA 第2话「狙われた巨乳無垢 優理 護った笑顔に堕とされて」.mp4','OVA 第2话「狙われた巨乳無垢 優理 護った笑顔に堕とされて」.mp4','动漫',48,0,1,'2015-11-17 07:56:18'),(8106,'/share/anim/Real{BIG5} .mp4','Real{BIG5} .mp4','Real{BIG5} .mp4','动漫',48,0,1,'2015-11-17 07:56:18'),(8107,'/share/anim/Real{GB} .mp4','Real{GB} .mp4','Real{GB} .mp4','动漫',48,0,1,'2015-11-17 07:56:18'),(8108,'/share/anim/[130830] [poro]真・秘湯めぐり jk若女将・伊織～悔しげに羞じらい緩む身八つ口.mp4','[130830] [poro]真・秘湯めぐり jk若女将・伊織～悔しげに羞じらい緩む身八つ口.mp4','[130830] [poro]真・秘湯めぐり jk若女将・伊織～悔しげに羞じらい緩む身八つ口.mp4','动漫',48,0,1,'2015-11-17 07:56:18'),(8109,'/share/anim/[maho.sub][140530][white bear]天然恋色アルコール 前編 ～アキラとナオト～[psp].mp4','[maho.sub][140530][white bear]天然恋色アルコール 前編 ～アキラとナオト～[psp].mp4','[maho.sub][140530][white bear]天然恋色アルコール 前編 ～アキラとナオト～[psp].mp4','动漫',48,0,1,'2015-11-17 07:56:18'),(8110,'/share/anim/[maho.sub][140530][メリー・ジェーン]乳色吐息 上巻 幼なじみに男を刻め.mp4','[maho.sub][140530][メリー・ジェーン]乳色吐息 上巻 幼なじみに男を刻め.mp4','[maho.sub][140530][メリー・ジェーン]乳色吐息 上巻 幼なじみに男を刻め.mp4','动漫',48,0,1,'2015-11-17 07:56:18'),(8111,'/share/anim/[maho.sub][140606][hills]姫騎士オリヴィア 調教：02「無礼者っ。おまえのことなど愛していないわ！どんな辱めにも耐えてみせるぞっ！」[psp].mp4','[maho.sub][140606][hills]姫騎士オリヴィア 調教：02「無礼者っ。おまえのことなど愛していないわ！どんな辱めにも耐えてみせるぞっ！」[psp].mp4','[maho.sub][140606][hills]姫騎士オリヴィア 調教：02「無礼者っ。おまえのことなど愛していないわ！どんな辱めにも耐えてみせるぞっ！」[psp].mp4','动漫',48,0,1,'2015-11-17 07:56:18'),(8112,'/share/anim/[Maho.sub][BOOTLEG]ラブビッチ～优しい女…～[V2][fps23.98].mp4','[Maho.sub][BOOTLEG]ラブビッチ～优しい女…～[V2][fps23.98].mp4','[Maho.sub][BOOTLEG]ラブビッチ～优しい女…～[V2][fps23.98].mp4','动漫',48,0,1,'2015-11-17 07:56:18'),(8113,'/share/anim/[poro]町ぐるみの罠～白濁にまみれた肢体～ 「チビ可愛ゆいの恥辱ジェラ・ハメ馴染む街コン◆」[psp].mp4','[poro]町ぐるみの罠～白濁にまみれた肢体～ 「チビ可愛ゆいの恥辱ジェラ・ハメ馴染む街コン◆」[psp].mp4','[poro]町ぐるみの罠～白濁にまみれた肢体～ 「チビ可愛ゆいの恥辱ジェラ・ハメ馴染む街コン◆」[psp].mp4','动漫',48,0,1,'2015-11-17 07:56:18'),(8114,'/share/anim/[PSP][Maho..sub][ばにぃうぉ～か～]OVA彼女は誰とでもセックスする。 ＃2 櫻井恵梨香は恋をしない.mp4','[PSP][Maho..sub][ばにぃうぉ～か～]OVA彼女は誰とでもセックスする。 ＃2 櫻井恵梨香は恋をしない.mp4','[PSP][Maho..sub][ばにぃうぉ～か～]OVA彼女は誰とでもセックスする。 ＃2 櫻井恵梨香は恋をしない.mp4','动漫',48,0,1,'2015-11-17 07:56:18'),(8115,'/share/anim/[PSP][Maho.sub][ Queen Bee]えろまめ 2 ［恵田真芽］.mp4','[PSP][Maho.sub][ Queen Bee]えろまめ 2 ［恵田真芽］.mp4','[PSP][Maho.sub][ Queen Bee]えろまめ 2 ［恵田真芽］.mp4','动漫',48,0,1,'2015-11-17 07:56:18'),(8116,'/share/anim/[PSP][Maho.sub][BOOTLEG]イエナイコト THE ANIMATION.mp4','[PSP][Maho.sub][BOOTLEG]イエナイコト THE ANIMATION.mp4','[PSP][Maho.sub][BOOTLEG]イエナイコト THE ANIMATION.mp4','动漫',48,0,1,'2015-11-17 07:56:18'),(8117,'/share/anim/[PSP][Maho.sub][Collaboration Works]漫喫ハプニング ～女難が空から降ってくる！？美少女達から身を守れ！～ 編.mp4','[PSP][Maho.sub][Collaboration Works]漫喫ハプニング ～女難が空から降ってくる！？美少女達から身を守れ！～ 編.mp4','[PSP][Maho.sub][Collaboration Works]漫喫ハプニング ～女難が空から降ってくる！？美少女達から身を守れ！～ 編.mp4','动漫',48,0,1,'2015-11-17 07:56:18'),(8118,'/share/anim/[PSP][Maho.sub][PoRO]ふくびき！トライアングル～双葉はあたふた～◆～ 「小悪魔イタズラっ娘の壁ドン哀歌◆」.mp4','[PSP][Maho.sub][PoRO]ふくびき！トライアングル～双葉はあたふた～◆～ 「小悪魔イタズラっ娘の壁ドン哀歌◆」.mp4','[PSP][Maho.sub][PoRO]ふくびき！トライアングル～双葉はあたふた～◆～ 「小悪魔イタズラっ娘の壁ドン哀歌◆」.mp4','动漫',48,0,1,'2015-11-17 07:56:18'),(8119,'/share/anim/[PSP][Maho.sub][White Bear]デモニオン～外伝～後編.mp4','[PSP][Maho.sub][White Bear]デモニオン～外伝～後編.mp4','[PSP][Maho.sub][White Bear]デモニオン～外伝～後編.mp4','动漫',48,0,1,'2015-11-17 07:56:18'),(8120,'/share/anim/[psp][maho.sub][ピンクパイナップル ]神曲のグリモワール the animation 「有角の少女と不思議な本」.mp4','[psp][maho.sub][ピンクパイナップル ]神曲のグリモワール the animation 「有角の少女と不思議な本」.mp4','[psp][maho.sub][ピンクパイナップル ]神曲のグリモワール the animation 「有角の少女と不思議な本」.mp4','动漫',48,0,1,'2015-11-17 07:56:18'),(8121,'/share/anim/[PSP][Maho.sub][ピンクパイナップル]聖ヤリマンシスターズ パコパコ日記 THE ANIMATION.mp4','[PSP][Maho.sub][ピンクパイナップル]聖ヤリマンシスターズ パコパコ日記 THE ANIMATION.mp4','[PSP][Maho.sub][ピンクパイナップル]聖ヤリマンシスターズ パコパコ日記 THE ANIMATION.mp4','动漫',48,0,1,'2015-11-17 07:56:18'),(8122,'/share/anim/[PSP][Maho.sub][メリージェーン]夜這いする七人の孕女 下巻 当主の花嫁.mp4','[PSP][Maho.sub][メリージェーン]夜這いする七人の孕女 下巻 当主の花嫁.mp4','[PSP][Maho.sub][メリージェーン]夜這いする七人の孕女 下巻 当主の花嫁.mp4','动漫',48,0,1,'2015-11-17 07:56:18'),(8123,'/share/anim/[夜桜字幕组][150627][HY工房]ユフィンとエッチ[GB].mp4','[夜桜字幕组][150627][HY工房]ユフィンとエッチ[GB].mp4','[夜桜字幕组][150627][HY工房]ユフィンとエッチ[GB].mp4','动漫',48,0,1,'2015-11-17 07:56:18'),(8124,'/share/anim/[夜桜字幕组][150724][spermation]クリムゾンガールズ～痴漢支配～ 02 「第二章 NOZOMI屈服 ChapterI」[BIG5].mp4','[夜桜字幕组][150724][spermation]クリムゾンガールズ～痴漢支配～ 02 「第二章 NOZOMI屈服 ChapterI」[BIG5].mp4','[夜桜字幕组][150724][spermation]クリムゾンガールズ～痴漢支配～ 02 「第二章 NOZOMI屈服 ChapterI」[BIG5].mp4','动漫',48,0,1,'2015-11-17 07:56:18'),(8125,'/share/anim/[夜桜字幕组][150724][spermation]クリムゾンガールズ～痴漢支配～ 02 「第二章 NOZOMI屈服 ChapterI」[GB].mp4','[夜桜字幕组][150724][spermation]クリムゾンガールズ～痴漢支配～ 02 「第二章 NOZOMI屈服 ChapterI」[GB].mp4','[夜桜字幕组][150724][spermation]クリムゾンガールズ～痴漢支配～ 02 「第二章 NOZOMI屈服 ChapterI」[GB].mp4','动漫',48,0,1,'2015-11-17 07:56:18'),(8126,'/share/anim/[夜桜字幕组][151009] [メリー･ジェーン] あねよめカルテット 上巻 キャリアウーマンな姉と引きこもり メイド姉[BIG5][10-bit].mp4','[夜桜字幕组][151009] [メリー･ジェーン] あねよめカルテット 上巻 キャリアウーマンな姉と引きこもり メイド姉[BIG5][10-bit].mp4','[夜桜字幕组][151009] [メリー･ジェーン] あねよめカルテット 上巻 キャリアウーマンな姉と引きこもり メイド姉[BIG5][10-bit].mp4','动漫',48,0,1,'2015-11-17 07:56:18'),(8127,'/share/anim/[夜桜字幕组][151009] [メリー･ジェーン] あねよめカルテット 上巻 キャリアウーマンな姉と引きこもり メイド姉[GB][10-bit].mp4','[夜桜字幕组][151009] [メリー･ジェーン] あねよめカルテット 上巻 キャリアウーマンな姉と引きこもり メイド姉[GB][10-bit].mp4','[夜桜字幕组][151009] [メリー･ジェーン] あねよめカルテット 上巻 キャリアウーマンな姉と引きこもり メイド姉[GB][10-bit].mp4','动漫',48,0,1,'2015-11-17 07:56:18'),(8128,'/share/anim/[夜桜字幕组][IMP][140507]姉弟のカンケイ[Big5].mp4','[夜桜字幕组][IMP][140507]姉弟のカンケイ[Big5].mp4','[夜桜字幕组][IMP][140507]姉弟のカンケイ[Big5].mp4','动漫',48,0,1,'2015-11-17 07:56:18'),(8129,'/share/anim/[宵夜字幕组]ova巨乳トライ！-短期集中乳揉みレッスン- ＃1 レッスンスタート.mp4','[宵夜字幕组]ova巨乳トライ！-短期集中乳揉みレッスン- ＃1 レッスンスタート.mp4','[宵夜字幕组]ova巨乳トライ！-短期集中乳揉みレッスン- ＃1 レッスンスタート.mp4','动漫',48,0,1,'2015-11-17 07:56:18'),(8130,'/share/anim/[宵夜字幕组][poro]館 ～官能奇譚～ 「生意気めすれいぶ・美貴 ～気高くハメる淑女の躾け」[psp].mp4','[宵夜字幕组][poro]館 ～官能奇譚～ 「生意気めすれいぶ・美貴 ～気高くハメる淑女の躾け」[psp].mp4','[宵夜字幕组][poro]館 ～官能奇譚～ 「生意気めすれいぶ・美貴 ～気高くハメる淑女の躾け」[psp].mp4','动漫',48,0,1,'2015-11-17 07:56:18'),(8131,'/share/anim/OVA Wanna SpartanSex Spermax 第1话 女→男 白濁液無限中出し地獄 桐生渚沙 転入編.mp4','OVA Wanna SpartanSex Spermax 第1话 女→男 白濁液無限中出し地獄 桐生渚沙 転入編.mp4','OVA Wanna SpartanSex Spermax 第1话 女→男 白濁液無限中出し地獄 桐生渚沙 転入編.mp4','动漫',48,0,1,'2015-11-17 07:56:18'),(8132,'/share/anim/OVA Wanna SpartanSex Spermax 第2话 中出し 媚薬 男の娘（こ） ゲシュタルト崩壊編.mp4','OVA Wanna SpartanSex Spermax 第2话 中出し 媚薬 男の娘（こ） ゲシュタルト崩壊編.mp4','OVA Wanna SpartanSex Spermax 第2话 中出し 媚薬 男の娘（こ） ゲシュタルト崩壊編.mp4','动漫',48,0,1,'2015-11-17 07:56:18'),(8133,'/share/anim/OVA ヘルタースケルター 白濁の村 第3话 笑う傀儡（くぐつ） 編.mp4','OVA ヘルタースケルター 白濁の村 第3话 笑う傀儡（くぐつ） 編.mp4','OVA ヘルタースケルター 白濁の村 第3话 笑う傀儡（くぐつ） 編.mp4','动漫',48,0,1,'2015-11-17 07:56:18'),(8134,'/share/anim/OVA ヘルタースケルター 白濁の村 第4话 傀儡は踊る編.mp4','OVA ヘルタースケルター 白濁の村 第4话 傀儡は踊る編.mp4','OVA ヘルタースケルター 白濁の村 第4话 傀儡は踊る編.mp4','动漫',48,0,1,'2015-11-17 07:56:18'),(8135,'/share/anim/OVA ヤバい 復讐 闇サイト 第1话 いじめ速報、燃料投下！？ ネット民に問う 妹殺しはこの牝豚3人の中に編.mp4','OVA ヤバい 復讐 闇サイト 第1话 いじめ速報、燃料投下！？ ネット民に問う 妹殺しはこの牝豚3人の中に編.mp4','OVA ヤバい 復讐 闇サイト 第1话 いじめ速報、燃料投下！？ ネット民に問う 妹殺しはこの牝豚3人の中に編.mp4','动漫',48,0,1,'2015-11-17 07:56:18'),(8136,'/share/anim/OVA ヤバい 復讐 闇サイト 第2话 全世界に拡散希望 死者からのリプライは牝豚野郎の削除要請編.mp4','OVA ヤバい 復讐 闇サイト 第2话 全世界に拡散希望 死者からのリプライは牝豚野郎の削除要請編.mp4','OVA ヤバい 復讐 闇サイト 第2话 全世界に拡散希望 死者からのリプライは牝豚野郎の削除要請編.mp4','动漫',48,0,1,'2015-11-17 07:56:18'),(8137,'/share/anim/OVA 凌成敗 学園美少女制裁秘録 第1话 失墜のアイドル 膠着のアスリート編.mp4','OVA 凌成敗 学園美少女制裁秘録 第1话 失墜のアイドル 膠着のアスリート編.mp4','OVA 凌成敗 学園美少女制裁秘録 第1话 失墜のアイドル 膠着のアスリート編.mp4','动漫',48,0,1,'2015-11-17 07:56:18'),(8138,'/share/anim/OVA 凌成敗 学園美少女制裁秘録 第2话 若菜と咲と 成敗の終わりと編.mp4','OVA 凌成敗 学園美少女制裁秘録 第2话 若菜と咲と 成敗の終わりと編.mp4','OVA 凌成敗 学園美少女制裁秘録 第2话 若菜と咲と 成敗の終わりと編.mp4','动漫',48,0,1,'2015-11-17 07:56:18'),(8139,'/share/anim/OVA 夢喰い つるみく式ゲーム製作 第1话 樟葉瑠美 調教編.mp4','OVA 夢喰い つるみく式ゲーム製作 第1话 樟葉瑠美 調教編.mp4','OVA 夢喰い つるみく式ゲーム製作 第1话 樟葉瑠美 調教編.mp4','动漫',48,0,1,'2015-11-17 07:56:18'),(8140,'/share/anim/OVA 夢喰い つるみく式ゲーム製作 第2话 樟葉悠美 開発編.mp4','OVA 夢喰い つるみく式ゲーム製作 第2话 樟葉悠美 開発編.mp4','OVA 夢喰い つるみく式ゲーム製作 第2话 樟葉悠美 開発編.mp4','动漫',48,0,1,'2015-11-17 07:56:18'),(8141,'/share/anim/[MahoXOkazu][PoRO petit ]狙われた女神天使エンゼルティアー ～守った人間達に裏切られて～ 「巨乳クール女教師・涼音 ～頬張り睨むコスプレ女神」[720P x264 Hi10P AAC].mp4','[MahoXOkazu][PoRO petit ]狙われた女神天使エンゼルティアー ～守った人間達に裏切られて～ 「巨乳クール女教師・涼音 ～頬張り睨むコスプレ女神」[720P x264 Hi10P AAC].mp4','[MahoXOkazu][PoRO petit ]狙われた女神天使エンゼルティアー ～守った人間達に裏切られて～ 「巨乳クール女教師・涼音 ～頬張り睨むコスプレ女神」[720P x264 Hi10P AAC].mp4','动漫',48,0,1,'2015-11-17 07:56:18'),(8142,'/share/anim/[MahoXOkazu][PoRO petit]鬼父 Refresh 「小生意気ロマンティックが止まら ない」[720P x264 AAC Hi10P].mp4','[MahoXOkazu][PoRO petit]鬼父 Refresh 「小生意気ロマンティックが止まら ない」[720P x264 AAC Hi10P].mp4','[MahoXOkazu][PoRO petit]鬼父 Refresh 「小生意気ロマンティックが止まら ない」[720P x264 AAC Hi10P].mp4','动漫',48,0,1,'2015-11-17 07:56:18'),(8143,'/share/anim/[MahoXOkazu][PoRO]氷堂伊吹 ～完璧伊吹会長が拘束ドMな理由～ 「美少女cool・伊吹会長のドMな憂鬱」[PSP].mp4','[MahoXOkazu][PoRO]氷堂伊吹 ～完璧伊吹会長が拘束ドMな理由～ 「美少女cool・伊吹会長のドMな憂鬱」[PSP].mp4','[MahoXOkazu][PoRO]氷堂伊吹 ～完璧伊吹会長が拘束ドMな理由～ 「美少女cool・伊吹会長のドMな憂鬱」[PSP].mp4','动漫',48,0,1,'2015-11-17 07:56:18'),(8144,'/share/anim/[MahoXOkazu][Queen Bee]ももいろみるく 2[720P x264 Hi10P AAC].mp4','[MahoXOkazu][Queen Bee]ももいろみるく 2[720P x264 Hi10P AAC].mp4','[MahoXOkazu][Queen Bee]ももいろみるく 2[720P x264 Hi10P AAC].mp4','动漫',48,0,1,'2015-11-17 07:56:19'),(8145,'/share/anim/[MahoXOkazu][[鈴木みら乃] 学園で時間よ止まれ 終わらない復讐劇 止まらない破瓜の血編 [720P Hi10P x264 AAC].mp4','[MahoXOkazu][[鈴木みら乃] 学園で時間よ止まれ 終わらない復讐劇 止まらない破瓜の血編 [720P Hi10P x264 AAC].mp4','[MahoXOkazu][[鈴木みら乃] 学園で時間よ止まれ 終わらない復讐劇 止まらない破瓜の血編 [720P Hi10P x264 AAC].mp4','动漫',48,0,1,'2015-11-17 07:56:19'),(8146,'/share/anim/[okazu.sub][bootleg]イケナイコト the animation [720p hi10p x264 aac].mp4','[okazu.sub][bootleg]イケナイコト the animation [720p hi10p x264 aac].mp4','[okazu.sub][bootleg]イケナイコト the animation [720p hi10p x264 aac].mp4','动漫',48,0,1,'2015-11-17 07:56:19'),(8147,'/share/anim/[MahoXOkazu][Collaboration Works]漫喫ハプニング ツンツンデレデレ SとMのホライゾン。爆乳おバカ令嬢はアブノーマルがお好き！？ 編[720P x264 Hi10P AAC].mp4','[MahoXOkazu][Collaboration Works]漫喫ハプニング ツンツンデレデレ SとMのホライゾン。爆乳おバカ令嬢はアブノーマルがお好き！？ 編[720P x264 Hi10P AAC].mp4','[MahoXOkazu][Collaboration Works]漫喫ハプニング ツンツンデレデレ SとMのホライゾン。爆乳おバカ令嬢はアブノーマルがお好き！？ 編[720P x264 Hi10P AAC].mp4','动漫',48,0,1,'2015-11-17 07:56:19'),(8148,'/share/anim/[漫の字幕組][ちちのや] 鬼畜～母姉妹調教日記～第一話 二階堂奈央.gb_psp.mp4','[漫の字幕組][ちちのや] 鬼畜～母姉妹調教日記～第一話 二階堂奈央.gb_psp.mp4','[漫の字幕組][ちちのや] 鬼畜～母姉妹調教日記～第一話 二階堂奈央.gb_psp.mp4','动漫',48,0,1,'2015-11-17 07:56:19'),(8149,'/share/anim/[漫の字幕組][ちちのや] 鬼畜～母姉妹調教日記～第二話 二階堂愛美.gb_psp.mp4','[漫の字幕組][ちちのや] 鬼畜～母姉妹調教日記～第二話 二階堂愛美.gb_psp.mp4','[漫の字幕組][ちちのや] 鬼畜～母姉妹調教日記～第二話 二階堂愛美.gb_psp.mp4','动漫',48,0,1,'2015-11-17 07:56:19'),(8150,'/share/anim/[脸肿字幕组][480P][PoRO]牝教師4～穢された教壇～ 「生意気ドジっ娘女教師・美結～高飛車ハメ堕ち2濁金」.mp4','[脸肿字幕组][480P][PoRO]牝教師4～穢された教壇～ 「生意気ドジっ娘女教師・美結～高飛車ハメ堕ち2濁金」.mp4','[脸肿字幕组][480P][PoRO]牝教師4～穢された教壇～ 「生意気ドジっ娘女教師・美結～高飛車ハメ堕ち2濁金」.mp4','动漫',48,0,1,'2015-11-17 07:56:19'),(8151,'/share/anim/[脸肿字幕组][480P][ピンクパイナップル]武想少女隊ぶれいど☆ブライダーズ THE ANIMATION.mp4','[脸肿字幕组][480P][ピンクパイナップル]武想少女隊ぶれいど☆ブライダーズ THE ANIMATION.mp4','[脸肿字幕组][480P][ピンクパイナップル]武想少女隊ぶれいど☆ブライダーズ THE ANIMATION.mp4','动漫',48,0,1,'2015-11-17 07:56:19'),(8152,'/share/anim/[脸肿字幕组][720P][PoRO]牝教師4～穢された教壇～ 「生意気ドジっ娘女教師・美結～高飛車ハメ堕ち2濁金」.mp4','[脸肿字幕组][720P][PoRO]牝教師4～穢された教壇～ 「生意気ドジっ娘女教師・美結～高飛車ハメ堕ち2濁金」.mp4','[脸肿字幕组][720P][PoRO]牝教師4～穢された教壇～ 「生意気ドジっ娘女教師・美結～高飛車ハメ堕ち2濁金」.mp4','动漫',48,0,1,'2015-11-17 07:56:19'),(8153,'/share/anim/[脸肿字幕组][720P][Queen Bee]ももいろみるく 1.mp4','[脸肿字幕组][720P][Queen Bee]ももいろみるく 1.mp4','[脸肿字幕组][720P][Queen Bee]ももいろみるく 1.mp4','动漫',48,0,1,'2015-11-17 07:56:19'),(8154,'/share/anim/[脸肿字幕组][720P][ピンクパイナップル]武想少女隊ぶれいど☆ブライダーズ THE ANIMATION.mp4','[脸肿字幕组][720P][ピンクパイナップル]武想少女隊ぶれいど☆ブライダーズ THE ANIMATION.mp4','[脸肿字幕组][720P][ピンクパイナップル]武想少女隊ぶれいど☆ブライダーズ THE ANIMATION.mp4','动漫',48,0,1,'2015-11-17 07:56:19'),(8155,'/share/anim/[脸肿字幕组][720P][鈴木みら乃]学園で時間よ止まれ 止まる日菜と動く香奈子。 固まる白濁液と流れる破瓜の血 編.mp4','[脸肿字幕组][720P][鈴木みら乃]学園で時間よ止まれ 止まる日菜と動く香奈子。 固まる白濁液と流れる破瓜の血 編.mp4','[脸肿字幕组][720P][鈴木みら乃]学園で時間よ止まれ 止まる日菜と動く香奈子。 固まる白濁液と流れる破瓜の血 編.mp4','动漫',48,0,1,'2015-11-17 07:56:19'),(8156,'/share/anim/[脸肿字幕组][メリー·ジェーン]女子校生の腰つき 演劇部編[480p].mp4','[脸肿字幕组][メリー·ジェーン]女子校生の腰つき 演劇部編[480p].mp4','[脸肿字幕组][メリー·ジェーン]女子校生の腰つき 演劇部編[480p].mp4','动漫',48,0,1,'2015-11-17 07:56:19'),(8157,'/share/anim/[脸肿字幕组][メリー·ジェーン]女子校生の腰つき 演劇部編[720p].mp4','[脸肿字幕组][メリー·ジェーン]女子校生の腰つき 演劇部編[720p].mp4','[脸肿字幕组][メリー·ジェーン]女子校生の腰つき 演劇部編[720p].mp4','动漫',48,0,1,'2015-11-17 07:56:19'),(8158,'/share/anim/boy meets harem the animation vol. 01.mp4','boy meets harem the animation vol. 01.mp4','boy meets harem the animation vol. 01.mp4','动漫',48,0,1,'2015-11-17 07:56:20'),(8159,'/share/anim/Delusion{BIG5} .mp4','Delusion{BIG5} .mp4','Delusion{BIG5} .mp4','动漫',48,0,1,'2015-11-17 07:56:20'),(8160,'/share/anim/Delusion{GB} .mp4','Delusion{GB} .mp4','Delusion{GB} .mp4','动漫',48,0,1,'2015-11-17 07:56:20'),(8161,'/share/anim/Gakuen de Jikan yo Tomare Vol. 4.mp4','Gakuen de Jikan yo Tomare Vol. 4.mp4','Gakuen de Jikan yo Tomare Vol. 4.mp4','动漫',48,0,1,'2015-11-17 07:56:20'),(8162,'/share/anim/ネトラセラレ 02.mp4','ネトラセラレ 02.mp4',' 02.mp4','动漫',48,0,1,'2015-11-17 07:56:20'),(8163,'/share/anim/メイドさんとボイン魂 THE ANIMATION .mp4','メイドさんとボイン魂 THE ANIMATION .mp4',' THE ANIMATION .mp4','动漫',48,0,1,'2015-11-17 07:56:20'),(8164,'/share/anim/螺旋遡行のディストピア 「天然果肉・あずさ ～儚く馴染む汚れの肉棒」.mp4','螺旋遡行のディストピア 「天然果肉・あずさ ～儚く馴染む汚れの肉棒」.mp4',' 「天然果肉・あずさ ～儚く馴染む汚れの肉棒」.mp4','动漫',48,0,1,'2015-11-17 07:56:20'),(8165,'/share/anim/[SubDESU-H] Chu Shite Agechau Oshikake Onee-san no Seikou Chiryou - 02 [10-bit] (720x400 x264 AC3) [5A562790].mp4','[SubDESU-H] Chu Shite Agechau Oshikake Onee-san no Seikou Chiryou - 02 [10-bit] (720x400 x264 AC3) [5A562790].mp4','[SubDESU-H] Chu Shite Agechau Oshikake Onee-san no Seikou Chiryou - 02 [10-bit] (720x400 x264 AC3) [5A562790].mp4','动漫',48,0,1,'2015-11-17 07:56:20'),(8166,'/share/anim/[yukari.sub][140530][ピンクパイナップル]恋乳ているず the animation 「この娘とヤリたい」[480p][x264_aac].mp4','[yukari.sub][140530][ピンクパイナップル]恋乳ているず the animation 「この娘とヤリたい」[480p][x264_aac].mp4','[yukari.sub][140530][ピンクパイナップル]恋乳ているず the animation 「この娘とヤリたい」[480p][x264_aac].mp4','动漫',48,0,1,'2015-11-17 07:56:20'),(8167,'/share/anim/[傲娇零x魅瑚]彼女が見舞いに来ない理由（わけ） 理由2「終わらない饗乱」[480p].mp4','[傲娇零x魅瑚]彼女が見舞いに来ない理由（わけ） 理由2「終わらない饗乱」[480p].mp4','[傲娇零x魅瑚]彼女が見舞いに来ない理由（わけ） 理由2「終わらない饗乱」[480p].mp4','动漫',48,0,1,'2015-11-17 07:56:20'),(8168,'/share/anim/[傲娇零x魅瑚]彼女が見舞いに来ない理由（わけ） 理由3「擦り切れゆく想い」[480p].mp4','[傲娇零x魅瑚]彼女が見舞いに来ない理由（わけ） 理由3「擦り切れゆく想い」[480p].mp4','[傲娇零x魅瑚]彼女が見舞いに来ない理由（わけ） 理由3「擦り切れゆく想い」[480p].mp4','动漫',48,0,1,'2015-11-17 07:56:20'),(8169,'/share/anim/[夜桜字幕组][150114][IMP]姉弟のカンケイ2 [Big5].mp4','[夜桜字幕组][150114][IMP]姉弟のカンケイ2 [Big5].mp4','[夜桜字幕组][150114][IMP]姉弟のカンケイ2 [Big5].mp4','动漫',48,0,1,'2015-11-17 07:56:20'),(8170,'/share/anim/[夜桜字幕组][150508] [Amelialtie]あの夏、君とプールで[BIG5].mp4','[夜桜字幕组][150508] [Amelialtie]あの夏、君とプールで[BIG5].mp4','[夜桜字幕组][150508] [Amelialtie]あの夏、君とプールで[BIG5].mp4','动漫',48,0,1,'2015-11-17 07:56:20'),(8171,'/share/anim/[夜桜字幕组][150508] [Amelialtie]あの夏、君とプールで[GB].mp4','[夜桜字幕组][150508] [Amelialtie]あの夏、君とプールで[GB].mp4','[夜桜字幕组][150508] [Amelialtie]あの夏、君とプールで[GB].mp4','动漫',48,0,1,'2015-11-17 07:56:20'),(8172,'/share/anim/[夜桜字幕组][150522][ピンクパイナップル]3PingLovers！☆一夫二妻の世界へようこそ♪ THE ANIMATION[GB].mp4','[夜桜字幕组][150522][ピンクパイナップル]3PingLovers！☆一夫二妻の世界へようこそ♪ THE ANIMATION[GB].mp4','[夜桜字幕组][150522][ピンクパイナップル]3PingLovers！☆一夫二妻の世界へようこそ♪ THE ANIMATION[GB].mp4','动漫',48,0,1,'2015-11-17 07:56:20'),(8173,'/share/anim/_psp__maho.sub__ピンクパイナップル__神曲のグリモワール_the_animation_「有角の少女と不思議な本」.mp4','_psp__maho.sub__ピンクパイナップル__神曲のグリモワール_the_animation_「有角の少女と不思議な本」.mp4','_psp__maho.sub__ピンクパイナップル__神曲のグリモワール_the_animation_「有角の少女と不思議な本」.mp4','动漫',48,0,1,'2015-11-17 07:56:20'),(8174,'/share/anim/[MahoXOkazu][EDGE（エッジ）]ネトラセラレ 01[720P x264 Hi10P AAC].mp4','[MahoXOkazu][EDGE（エッジ）]ネトラセラレ 01[720P x264 Hi10P AAC].mp4','[MahoXOkazu][EDGE（エッジ）]ネトラセラレ 01[720P x264 Hi10P AAC].mp4','动漫',48,0,1,'2015-11-17 07:56:20'),(8175,'/share/anim/[Okazu.Sub][PoRO]黒の教室 「生意気レオタード・まひる ～勝気な尻穴に穿つ無碍の剛棒」[720P x264 Hi10P AAC].mp4','[Okazu.Sub][PoRO]黒の教室 「生意気レオタード・まひる ～勝気な尻穴に穿つ無碍の剛棒」[720P x264 Hi10P AAC].mp4','[Okazu.Sub][PoRO]黒の教室 「生意気レオタード・まひる ～勝気な尻穴に穿つ無碍の剛棒」[720P x264 Hi10P AAC].mp4','动漫',48,0,1,'2015-11-17 07:56:20'),(8176,'/share/anim/[PSP][Maho.sub][メリー・ジェーン]いいなり！催眠彼女～隷属洗脳・生ハメ性活！！～下巻 生意気な妹への処方箋.mp4','[PSP][Maho.sub][メリー・ジェーン]いいなり！催眠彼女～隷属洗脳・生ハメ性活！！～下巻 生意気な妹への処方箋.mp4','[PSP][Maho.sub][メリー・ジェーン]いいなり！催眠彼女～隷属洗脳・生ハメ性活！！～下巻 生意気な妹への処方箋.mp4','动漫',48,0,1,'2015-11-17 07:56:20'),(8177,'/share/anim/[夜桜字幕组][150528]夏の夜空に天体観測 年上彼氏と婚前旅行-制服篇[BIG5].mp4','[夜桜字幕组][150528]夏の夜空に天体観測 年上彼氏と婚前旅行-制服篇[BIG5].mp4','[夜桜字幕组][150528]夏の夜空に天体観測 年上彼氏と婚前旅行-制服篇[BIG5].mp4','动漫',48,0,1,'2015-11-17 07:56:20'),(8178,'/share/anim/[宵夜字幕组][メリー・ジェーン]すぽコン！～sports wear-complex～ 下巻 決着!コーチ争奪戦[psp].mp4','[宵夜字幕组][メリー・ジェーン]すぽコン！～sports wear-complex～ 下巻 決着!コーチ争奪戦[psp].mp4','[宵夜字幕组][メリー・ジェーン]すぽコン！～sports wear-complex～ 下巻 決着!コーチ争奪戦[psp].mp4','动漫',48,0,1,'2015-11-17 07:56:20'),(8179,'/share/TYOD-264.mp4','TYOD-264.mp4','TYOD-264.mp4','视频',49,0,1,'2015-11-17 07:56:20'),(8180,'/share/ULT-039.mp4','ULT-039.mp4','ULT-039.mp4','视频',49,0,1,'2015-11-17 07:56:20'),(8181,'/share/ULT-048.mp4','ULT-048.mp4','ULT-048.mp4','视频',49,0,1,'2015-11-17 07:56:20'),(8182,'/share/ULT-051.mp4','ULT-051.mp4','ULT-051.mp4','视频',49,0,1,'2015-11-17 07:56:20'),(8183,'/share/UMAD-083.mp4','UMAD-083.mp4','UMAD-083.mp4','视频',49,0,1,'2015-11-17 07:56:20'),(8184,'/share/URVK-009.mp4','URVK-009.mp4','URVK-009.mp4','视频',49,0,1,'2015-11-17 07:56:20'),(8185,'/share/URVK-010.mp4','URVK-010.mp4','URVK-010.mp4','视频',49,0,1,'2015-11-17 07:56:20'),(8186,'/share/WANZ-329.mp4','WANZ-329.mp4','WANZ-329.mp4','视频',49,0,1,'2015-11-17 07:56:20'),(8187,'/share/WANZ-332.mp4','WANZ-332.mp4','WANZ-332.mp4','视频',49,0,1,'2015-11-17 07:56:20'),(8188,'/share/WANZ-349.mp4','WANZ-349.mp4','WANZ-349.mp4','视频',49,0,1,'2015-11-17 07:56:20'),(8189,'/share/whx-027.mp4','whx-027.mp4','whx-027.mp4','视频',49,0,1,'2015-11-17 07:56:20'),(8190,'/share/whx-028.mp4','whx-028.mp4','whx-028.mp4','视频',49,0,1,'2015-11-17 07:56:20'),(8191,'/share/XVSR-016.mp4','XVSR-016.mp4','XVSR-016.mp4','视频',49,0,1,'2015-11-17 07:56:20'),(8192,'/share/XVSR-028.mp4','XVSR-028.mp4','XVSR-028.mp4','视频',49,0,1,'2015-11-17 07:56:20'),(8193,'/share/XVSR-069.mp4','XVSR-069.mp4','XVSR-069.mp4','视频',49,0,1,'2015-11-17 07:56:20'),(8194,'/share/XVSR060.mp4','XVSR060.mp4','XVSR060.mp4','视频',49,0,1,'2015-11-17 07:56:20'),(8195,'/share/ymdd-054.mp4','ymdd-054.mp4','ymdd-054.mp4','视频',49,0,1,'2015-11-17 07:56:21'),(8196,'/share/YRH-062R.mp4','YRH-062R.mp4','YRH-062R.mp4','视频',49,0,1,'2015-11-17 07:56:21'),(8197,'/share/ZEX-269.mp4','ZEX-269.mp4','ZEX-269.mp4','视频',49,0,1,'2015-11-17 07:56:21'),(8198,'/share/CND-136.mp4','CND-136.mp4','CND-136.mp4','视频',49,0,1,'2015-11-17 07:56:21'),(8199,'/share/cwm-221.mp4','cwm-221.mp4','cwm-221.mp4','视频',49,0,1,'2015-11-17 07:56:21'),(8200,'/share/cwpbd-85.mp4','cwpbd-85.mp4','cwpbd-85.mp4','视频',49,0,1,'2015-11-17 07:56:21'),(8201,'/share/dasd-260.mp4','dasd-260.mp4','dasd-260.mp4','视频',49,0,1,'2015-11-17 07:56:21'),(8202,'/share/dgl-043.mp4','dgl-043.mp4','dgl-043.mp4','视频',49,0,1,'2015-11-17 07:56:21'),(8203,'/share/DIC-006.mp4','DIC-006.mp4','DIC-006.mp4','视频',49,0,1,'2015-11-17 07:56:21'),(8204,'/share/DISM-034.mp4','DISM-034.mp4','DISM-034.mp4','视频',49,0,1,'2015-11-17 07:56:21'),(8205,'/share/dms-017.mp4','dms-017.mp4','dms-017.mp4','视频',49,0,1,'2015-11-17 07:56:21'),(8206,'/share/DVAJ-0049.mp4','DVAJ-0049.mp4','DVAJ-0049.mp4','视频',49,0,1,'2015-11-17 07:56:21'),(8207,'/share/DVAJ-068.mp4','DVAJ-068.mp4','DVAJ-068.mp4','视频',49,0,1,'2015-11-17 07:56:21'),(8208,'/share/DVDES-827.mp4','DVDES-827.mp4','DVDES-827.mp4','视频',49,0,1,'2015-11-17 07:56:21'),(8209,'/share/dwd-059.mp4','dwd-059.mp4','dwd-059.mp4','视频',49,0,1,'2015-11-17 07:56:21'),(8210,'/share/ebod-384.mp4','ebod-384.mp4','ebod-384.mp4','视频',49,0,1,'2015-11-17 07:56:21'),(8211,'/share/EBOD-438.mp4','EBOD-438.mp4','EBOD-438.mp4','视频',49,0,1,'2015-11-17 07:56:21'),(8212,'/share/EBOD-454.mp4','EBOD-454.mp4','EBOD-454.mp4','视频',49,0,1,'2015-11-17 07:56:21'),(8213,'/share/EBOD-475.mp4','EBOD-475.mp4','EBOD-475.mp4','视频',49,0,1,'2015-11-17 07:56:21'),(8214,'/share/edd-209.mp4','edd-209.mp4','edd-209.mp4','视频',49,0,1,'2015-11-17 07:56:21'),(8215,'/share/eq-076 .mp4','eq-076 .mp4','eq-076 .mp4','视频',49,0,1,'2015-11-17 07:56:21'),(8216,'/share/eq-187.mp4','eq-187.mp4','eq-187.mp4','视频',49,0,1,'2015-11-17 07:56:21'),(8217,'/share/eq-190.mp4','eq-190.mp4','eq-190.mp4','视频',49,0,1,'2015-11-17 07:56:21'),(8218,'/share/eq-247.mp4','eq-247.mp4','eq-247.mp4','视频',49,0,1,'2015-11-17 07:56:21'),(8219,'/share/esk-247.mp4','esk-247.mp4','esk-247.mp4','视频',49,0,1,'2015-11-17 07:56:21'),(8220,'/share/esk-253.mp4','esk-253.mp4','esk-253.mp4','视频',49,0,1,'2015-11-17 07:56:21'),(8221,'/share/ESK-259.mp4','ESK-259.mp4','ESK-259.mp4','视频',49,0,1,'2015-11-17 07:56:21'),(8222,'/share/ESK-260.mp4','ESK-260.mp4','ESK-260.mp4','视频',49,0,1,'2015-11-17 07:56:21'),(8223,'/share/ESK-261.mp4','ESK-261.mp4','ESK-261.mp4','视频',49,0,1,'2015-11-17 07:56:21'),(8224,'/share/SCOP-275A.mp4','SCOP-275A.mp4','SCOP-275A.mp4','视频',49,0,1,'2015-11-17 07:56:21'),(8225,'/share/SCOP-275B.mp4','SCOP-275B.mp4','SCOP-275B.mp4','视频',49,0,1,'2015-11-17 07:56:21'),(8226,'/share/SCOP-312.mp4','SCOP-312.mp4','SCOP-312.mp4','视频',49,0,1,'2015-11-17 07:56:21'),(8227,'/share/SCPX-022.mp4','SCPX-022.mp4','SCPX-022.mp4','视频',49,0,1,'2015-11-17 07:56:21'),(8228,'/share/SCPX-023.mp4','SCPX-023.mp4','SCPX-023.mp4','视频',49,0,1,'2015-11-17 07:56:21'),(8229,'/share/SCPX-030.mp4','SCPX-030.mp4','SCPX-030.mp4','视频',49,0,1,'2015-11-17 07:56:21'),(8230,'/share/scr-089.mp4','scr-089.mp4','scr-089.mp4','视频',49,0,1,'2015-11-17 07:56:22'),(8231,'/share/SCR-112.mp4','SCR-112.mp4','SCR-112.mp4','视频',49,0,1,'2015-11-17 07:56:22'),(8232,'/share/SCR-113.mp4','SCR-113.mp4','SCR-113.mp4','视频',49,0,1,'2015-11-17 07:56:22'),(8233,'/share/sdde-372.mp4','sdde-372.mp4','sdde-372.mp4','视频',49,0,1,'2015-11-17 07:56:22'),(8234,'/share/SDMU-113,.mp4','SDMU-113,.mp4','SDMU-113,.mp4','视频',49,0,1,'2015-11-17 07:56:22'),(8235,'/share/SDMU-195.mp4','SDMU-195.mp4','SDMU-195.mp4','视频',49,0,1,'2015-11-17 07:56:22'),(8236,'/share/SDMU-202.mp4','SDMU-202.mp4','SDMU-202.mp4','视频',49,0,1,'2015-11-17 07:56:22'),(8237,'/share/SDMU-210.mp4','SDMU-210.mp4','SDMU-210.mp4','视频',49,0,1,'2015-11-17 07:56:22'),(8238,'/share/SDSI-014.mp4','SDSI-014.mp4','SDSI-014.mp4','视频',49,0,1,'2015-11-17 07:56:22'),(8239,'/share/SERO-0181.mp4','SERO-0181.mp4','SERO-0181.mp4','视频',49,0,1,'2015-11-17 07:56:22'),(8240,'/share/SERO-0291.mp4','SERO-0291.mp4','SERO-0291.mp4','视频',49,0,1,'2015-11-17 07:56:22'),(8241,'/share/SGA-026.mp4','SGA-026.mp4','SGA-026.mp4','视频',49,0,1,'2015-11-17 07:56:22'),(8242,'/share/SGA-034.mp4','SGA-034.mp4','SGA-034.mp4','视频',49,0,1,'2015-11-17 07:56:22'),(8243,'/share/odfa-057.mp4','odfa-057.mp4','odfa-057.mp4','视频',49,0,1,'2015-11-17 07:56:22'),(8244,'/share/odfa-062.mp4','odfa-062.mp4','odfa-062.mp4','视频',49,0,1,'2015-11-17 07:56:22'),(8245,'/share/ODFP-011.mp4','ODFP-011.mp4','ODFP-011.mp4','视频',49,0,1,'2015-11-17 07:56:22'),(8246,'/share/oksn-206.mp4','oksn-206.mp4','oksn-206.mp4','视频',49,0,1,'2015-11-17 07:56:22'),(8247,'/share/OKSN-239.mp4','OKSN-239.mp4','OKSN-239.mp4','视频',49,0,1,'2015-11-17 07:56:22'),(8248,'/share/OVG-018.mp4','OVG-018.mp4','OVG-018.mp4','视频',49,0,1,'2015-11-17 07:56:22'),(8249,'/share/OVG-024.mp4','OVG-024.mp4','OVG-024.mp4','视频',49,0,1,'2015-11-17 07:56:22'),(8250,'/share/OYC-001.mp4','OYC-001.mp4','OYC-001.mp4','视频',49,0,1,'2015-11-17 07:56:22'),(8251,'/share/OYC-003.mp4','OYC-003.mp4','OYC-003.mp4','视频',49,0,1,'2015-11-17 07:56:22'),(8252,'/share/OYC-004A.mp4','OYC-004A.mp4','OYC-004A.mp4','视频',49,0,1,'2015-11-17 07:56:22'),(8253,'/share/OYC-004B.mp4','OYC-004B.mp4','OYC-004B.mp4','视频',49,0,1,'2015-11-17 07:56:22'),(8254,'/share/pgd-635.mp4','pgd-635.mp4','pgd-635.mp4','视频',49,0,1,'2015-11-17 07:56:22'),(8255,'/share/PGD-756.mp4','PGD-756.mp4','PGD-756.mp4','视频',49,0,1,'2015-11-17 07:56:22'),(8256,'/share/PGD-762.mp4','PGD-762.mp4','PGD-762.mp4','视频',49,0,1,'2015-11-17 07:56:22'),(8257,'/share/PGD-778.mp4','PGD-778.mp4','PGD-778.mp4','视频',49,0,1,'2015-11-17 07:56:22'),(8258,'/share/PLA-046.mp4','PLA-046.mp4','PLA-046.mp4','视频',49,0,1,'2015-11-17 07:56:22'),(8259,'/share/PPPD-356.mp4','PPPD-356.mp4','PPPD-356.mp4','视频',49,0,1,'2015-11-17 07:56:22'),(8260,'/share/hunt-914.mp4','hunt-914.mp4','hunt-914.mp4','视频',49,0,1,'2015-11-17 07:56:22'),(8261,'/share/hunt-923.mp4','hunt-923.mp4','hunt-923.mp4','视频',49,0,1,'2015-11-17 07:56:22'),(8262,'/share/hunt-930.mp4','hunt-930.mp4','hunt-930.mp4','视频',49,0,1,'2015-11-17 07:56:22'),(8263,'/share/IENE-620.mp4','IENE-620.mp4','IENE-620.mp4','视频',49,0,1,'2015-11-17 07:56:23'),(8264,'/share/IGN-010.mp4','IGN-010.mp4','IGN-010.mp4','视频',49,0,1,'2015-11-17 07:56:23'),(8265,'/share/INDI-034.mp4','INDI-034.mp4','INDI-034.mp4','视频',49,0,1,'2015-11-17 07:56:23'),(8266,'/share/ipz-457.mp4','ipz-457.mp4','ipz-457.mp4','视频',49,0,1,'2015-11-17 07:56:23'),(8267,'/share/ipz-460.mp4','ipz-460.mp4','ipz-460.mp4','视频',49,0,1,'2015-11-17 07:56:23'),(8268,'/share/ipz-502.mp4','ipz-502.mp4','ipz-502.mp4','视频',49,0,1,'2015-11-17 07:56:23'),(8269,'/share/IPZ-507.mp4','IPZ-507.mp4','IPZ-507.mp4','视频',49,0,1,'2015-11-17 07:56:23'),(8270,'/share/IPZ-573.mp4','IPZ-573.mp4','IPZ-573.mp4','视频',49,0,1,'2015-11-17 07:56:23'),(8271,'/share/IPZ-610.mp4','IPZ-610.mp4','IPZ-610.mp4','视频',49,0,1,'2015-11-17 07:56:23'),(8272,'/share/jksr-159.mp4','jksr-159.mp4','jksr-159.mp4','视频',49,0,1,'2015-11-17 07:56:23'),(8273,'/share/jux-489.mp4','jux-489.mp4','jux-489.mp4','视频',49,0,1,'2015-11-17 07:56:23'),(8274,'/share/JUX-554.mp4','JUX-554.mp4','JUX-554.mp4','视频',49,0,1,'2015-11-17 07:56:23'),(8275,'/share/JUX-578.mp4','JUX-578.mp4','JUX-578.mp4','视频',49,0,1,'2015-11-17 07:56:23'),(8276,'/share/KAWD-627.mp4','KAWD-627.mp4','KAWD-627.mp4','视频',49,0,1,'2015-11-17 07:56:23'),(8277,'/share/KAWD-643.mp4','KAWD-643.mp4','KAWD-643.mp4','视频',49,0,1,'2015-11-17 07:56:23'),(8278,'/share/KDG-026.mp4','KDG-026.mp4','KDG-026.mp4','视频',49,0,1,'2015-11-17 07:56:23'),(8279,'/share/KKJ-030.mp4','KKJ-030.mp4','KKJ-030.mp4','视频',49,0,1,'2015-11-17 07:56:23'),(8280,'/share/kmdz-002.mp4','kmdz-002.mp4','kmdz-002.mp4','视频',49,0,1,'2015-11-17 07:56:23'),(8281,'/share/LEA-002.mp4','LEA-002.mp4','LEA-002.mp4','视频',49,0,1,'2015-11-17 07:56:23'),(8282,'/share/LIME-004.mp4','LIME-004.mp4','LIME-004.mp4','视频',49,0,1,'2015-11-17 07:56:23'),(8283,'/share/LL-010.mp4','LL-010.mp4','LL-010.mp4','视频',49,0,1,'2015-11-17 07:56:23'),(8284,'/share/lol-083.mp4','lol-083.mp4','lol-083.mp4','视频',49,0,1,'2015-11-17 07:56:23'),(8285,'/share/mast-029.mp4','mast-029.mp4','mast-029.mp4','视频',49,0,1,'2015-11-17 07:56:23'),(8286,'/share/MCSR-150.mp4','MCSR-150.mp4','MCSR-150.mp4','视频',49,0,1,'2015-11-17 07:56:23'),(8287,'/share/MCSR-155.mp4','MCSR-155.mp4','MCSR-155.mp4','视频',49,0,1,'2015-11-17 07:56:23'),(8288,'/share/MCSR-157.mp4','MCSR-157.mp4','MCSR-157.mp4','视频',49,0,1,'2015-11-17 07:56:23'),(8289,'/share/MCSR-181.wmv','MCSR-181.wmv','MCSR-181.wmv','视频',49,0,1,'2015-11-17 07:56:23'),(8290,'/share/MDB-597A.mp4','MDB-597A.mp4','MDB-597A.mp4','视频',49,0,1,'2015-11-17 07:56:23'),(8291,'/share/MDB-597B.mp4','MDB-597B.mp4','MDB-597B.mp4','视频',49,0,1,'2015-11-17 07:56:23'),(8292,'/share/MDB-610A.mp4','MDB-610A.mp4','MDB-610A.mp4','视频',49,0,1,'2015-11-17 07:56:23'),(8293,'/share/MDB-610B.mp4','MDB-610B.mp4','MDB-610B.mp4','视频',49,0,1,'2015-11-17 07:56:23'),(8294,'/share/ABC-055.mp4','ABC-055.mp4','ABC-055.mp4','视频',49,0,1,'2015-11-17 07:56:23'),(8295,'/share/abp-197.mp4','abp-197.mp4','abp-197.mp4','视频',49,0,1,'2015-11-17 07:56:23'),(8296,'/share/abp-204.mp4','abp-204.mp4','abp-204.mp4','视频',49,0,1,'2015-11-17 07:56:23'),(8297,'/share/abp-230.mp4','abp-230.mp4','abp-230.mp4','视频',49,0,1,'2015-11-17 07:56:23'),(8298,'/share/abp-269.mp4','abp-269.mp4','abp-269.mp4','视频',49,0,1,'2015-11-17 07:56:23'),(8299,'/share/ABP-274.mp4','ABP-274.mp4','ABP-274.mp4','视频',49,0,1,'2015-11-17 07:56:23'),(8300,'/share/ABP-277.mp4','ABP-277.mp4','ABP-277.mp4','视频',49,0,1,'2015-11-17 07:56:23'),(8301,'/share/ABP-286.mp4','ABP-286.mp4','ABP-286.mp4','视频',49,0,1,'2015-11-17 07:56:23'),(8302,'/share/abs-014.mp4','abs-014.mp4','abs-014.mp4','视频',49,0,1,'2015-11-17 07:56:23'),(8303,'/share/adn-029.mp4','adn-029.mp4','adn-029.mp4','视频',49,0,1,'2015-11-17 07:56:24'),(8304,'/share/ADN-036R.mp4','ADN-036R.mp4','ADN-036R.mp4','视频',49,0,1,'2015-11-17 07:56:24'),(8305,'/share/ADN-043.mp4','ADN-043.mp4','ADN-043.mp4','视频',49,0,1,'2015-11-17 07:56:24'),(8306,'/share/adn-045.mp4','adn-045.mp4','adn-045.mp4','视频',49,0,1,'2015-11-17 07:56:24'),(8307,'/share/ADN-046.mp4','ADN-046.mp4','ADN-046.mp4','视频',49,0,1,'2015-11-17 07:56:24'),(8308,'/share/ADN-047.mp4','ADN-047.mp4','ADN-047.mp4','视频',49,0,1,'2015-11-17 07:56:24'),(8309,'/share/ADN-062.mp4','ADN-062.mp4','ADN-062.mp4','视频',49,0,1,'2015-11-17 07:56:24'),(8310,'/share/APAA-301.mp4','APAA-301.mp4','APAA-301.mp4','视频',49,0,1,'2015-11-17 07:56:24'),(8311,'/share/APAA-310.mp4','APAA-310.mp4','APAA-310.mp4','视频',49,0,1,'2015-11-17 07:56:24'),(8312,'/share/APAA-312.mp4','APAA-312.mp4','APAA-312.mp4','视频',49,0,1,'2015-11-17 07:56:25'),(8313,'/share/CND-128.mp4','CND-128.mp4','CND-128.mp4','视频',49,0,1,'2015-11-17 07:56:25'),(8314,'/share/ESK-262.mp4','ESK-262.mp4','ESK-262.mp4','视频',49,0,1,'2015-11-17 07:56:25'),(8315,'/share/GVG-135.mp4','GVG-135.mp4','GVG-135.mp4','视频',49,0,1,'2015-11-17 07:56:25'),(8316,'/share/MDB-615A.mp4','MDB-615A.mp4','MDB-615A.mp4','视频',49,0,1,'2015-11-17 07:56:25'),(8317,'/share/MMND-114.mp4','MMND-114.mp4','MMND-114.mp4','视频',49,0,1,'2015-11-17 07:56:25'),(8318,'/share/NSA-004.mp4','NSA-004.mp4','NSA-004.mp4','视频',49,0,1,'2015-11-17 07:56:25'),(8319,'/share/PPPD-358.mp4','PPPD-358.mp4','PPPD-358.mp4','视频',49,0,1,'2015-11-17 07:56:25'),(8320,'/share/RDT235.mp4','RDT235.mp4','RDT235.mp4','视频',49,0,1,'2015-11-17 07:56:26'),(8321,'/share/SCOP-274.mp4','SCOP-274.mp4','SCOP-274.mp4','视频',49,0,1,'2015-11-17 07:56:26'),(8322,'/share/SHE-107.mp4','SHE-107.mp4','SHE-107.mp4','视频',49,0,1,'2015-11-17 07:56:26'),(8323,'/share/SNIS-391.mp4','SNIS-391.mp4','SNIS-391.mp4','视频',49,0,1,'2015-11-17 07:56:26'),(8324,'/share/TEM-016.mp4','TEM-016.mp4','TEM-016.mp4','视频',49,0,1,'2015-11-17 07:56:26'),(8325,'/share/ESK-267.wmv','ESK-267.wmv','ESK-267.wmv','视频',49,0,1,'2015-11-17 07:56:26'),(8326,'/share/esk_248.mp4','esk_248.mp4','esk_248.mp4','视频',49,0,1,'2015-11-17 07:56:27'),(8327,'/share/EYAN-023.mp4','EYAN-023.mp4','EYAN-023.mp4','视频',49,0,1,'2015-11-17 07:56:27'),(8328,'/share/FSET-534.mp4','FSET-534.mp4','FSET-534.mp4','视频',49,0,1,'2015-11-17 07:56:27'),(8329,'/share/FSET-549.mp4','FSET-549.mp4','FSET-549.mp4','视频',49,0,1,'2015-11-17 07:56:27'),(8330,'/share/GAR-428.mp4','GAR-428.mp4','GAR-428.mp4','视频',49,0,1,'2015-11-17 07:56:27'),(8331,'/share/GDTM-044A.mp4','GDTM-044A.mp4','GDTM-044A.mp4','视频',49,0,1,'2015-11-17 07:56:27'),(8332,'/share/GDTM-044B.mp4','GDTM-044B.mp4','GDTM-044B.mp4','视频',49,0,1,'2015-11-17 07:56:27'),(8333,'/share/GDTM-046.mp4','GDTM-046.mp4','GDTM-046.mp4','视频',49,0,1,'2015-11-17 07:56:27'),(8334,'/share/GDTM-075.mp4','GDTM-075.mp4','GDTM-075.mp4','视频',49,0,1,'2015-11-17 07:56:27'),(8335,'/share/gne-075.mp4','gne-075.mp4','gne-075.mp4','视频',49,0,1,'2015-11-17 07:56:27'),(8336,'/share/gne-076.mp4','gne-076.mp4','gne-076.mp4','视频',49,0,1,'2015-11-17 07:56:27'),(8337,'/share/gne-077.mp4','gne-077.mp4','gne-077.mp4','视频',49,0,1,'2015-11-17 07:56:27'),(8338,'/share/GNE-116.mp4','GNE-116.mp4','GNE-116.mp4','视频',49,0,1,'2015-11-17 07:56:27'),(8339,'/share/GVG-021.mp4','GVG-021.mp4','GVG-021.mp4','视频',49,0,1,'2015-11-17 07:56:27'),(8340,'/share/GVG-103.mp4','GVG-103.mp4','GVG-103.mp4','视频',49,0,1,'2015-11-17 07:56:27'),(8341,'/share/GVG-122.mp4','GVG-122.mp4','GVG-122.mp4','视频',49,0,1,'2015-11-17 07:56:27'),(8342,'/share/MDB-615B.mp4','MDB-615B.mp4','MDB-615B.mp4','视频',49,0,1,'2015-11-17 07:56:27'),(8343,'/share/MDTM-010.mp4','MDTM-010.mp4','MDTM-010.mp4','视频',49,0,1,'2015-11-17 07:56:27'),(8344,'/share/MDTM-058.mp4','MDTM-058.mp4','MDTM-058.mp4','视频',49,0,1,'2015-11-17 07:56:27'),(8345,'/share/mdyd-938.mp4','mdyd-938.mp4','mdyd-938.mp4','视频',49,0,1,'2015-11-17 07:56:27'),(8346,'/share/mdyd-939.mp4','mdyd-939.mp4','mdyd-939.mp4','视频',49,0,1,'2015-11-17 07:56:27'),(8347,'/share/mdyd-955.mp4','mdyd-955.mp4','mdyd-955.mp4','视频',49,0,1,'2015-11-17 07:56:27'),(8348,'/share/MDYD-986.mp4','MDYD-986.mp4','MDYD-986.mp4','视频',49,0,1,'2015-11-17 07:56:27'),(8349,'/share/MEYD-015.mp4','MEYD-015.mp4','MEYD-015.mp4','视频',49,0,1,'2015-11-17 07:56:27'),(8350,'/share/MEYD-017.mp4','MEYD-017.mp4','MEYD-017.mp4','视频',49,0,1,'2015-11-17 07:56:28'),(8351,'/share/MEYD-071.mp4','MEYD-071.mp4','MEYD-071.mp4','视频',49,0,1,'2015-11-17 07:56:28'),(8352,'/share/MEYD-088.mp4','MEYD-088.mp4','MEYD-088.mp4','视频',49,0,1,'2015-11-17 07:56:28'),(8353,'/share/miad-741.mp4','miad-741.mp4','miad-741.mp4','视频',49,0,1,'2015-11-17 07:56:28'),(8354,'/share/MIAD-836.mp4','MIAD-836.mp4','MIAD-836.mp4','视频',49,0,1,'2015-11-17 07:56:28'),(8355,'/share/midd-969.mp4','midd-969.mp4','midd-969.mp4','视频',49,0,1,'2015-11-17 07:56:28'),(8356,'/share/MIDE-191.mp4','MIDE-191.mp4','MIDE-191.mp4','视频',49,0,1,'2015-11-17 07:56:28'),(8357,'/share/mild-931.mp4','mild-931.mp4','mild-931.mp4','视频',49,0,1,'2015-11-17 07:56:28'),(8358,'/share/MILD-962.mp4','MILD-962.mp4','MILD-962.mp4','视频',49,0,1,'2015-11-17 07:56:28'),(8359,'/share/MILD-967.mp4','MILD-967.mp4','MILD-967.mp4','视频',49,0,1,'2015-11-17 07:56:28'),(8360,'/share/MILD-974.mp4','MILD-974.mp4','MILD-974.mp4','视频',49,0,1,'2015-11-17 07:56:28'),(8361,'/share/MIST-077.mp4','MIST-077.mp4','MIST-077.mp4','视频',49,0,1,'2015-11-17 07:56:28'),(8362,'/share/MMND-108.mp4','MMND-108.mp4','MMND-108.mp4','视频',49,0,1,'2015-11-17 07:56:28'),(8363,'/share/SNIS-397.mp4','SNIS-397.mp4','SNIS-397.mp4','视频',49,0,1,'2015-11-17 07:56:28'),(8364,'/share/SNIS-402.mp4','SNIS-402.mp4','SNIS-402.mp4','视频',49,0,1,'2015-11-17 07:56:28'),(8365,'/share/SNIS-410.mp4','SNIS-410.mp4','SNIS-410.mp4','视频',49,0,1,'2015-11-17 07:56:28'),(8366,'/share/SNIS-435.mp4','SNIS-435.mp4','SNIS-435.mp4','视频',49,0,1,'2015-11-17 07:56:28'),(8367,'/share/SNIS-516.mp4','SNIS-516.mp4','SNIS-516.mp4','视频',49,0,1,'2015-11-17 07:56:28'),(8368,'/share/SNIS-517.mp4','SNIS-517.mp4','SNIS-517.mp4','视频',49,0,1,'2015-11-17 07:56:28'),(8369,'/share/SNIS-525.mp4','SNIS-525.mp4','SNIS-525.mp4','视频',49,0,1,'2015-11-17 07:56:28'),(8370,'/share/snis-527.mp4','snis-527.mp4','snis-527.mp4','视频',49,0,1,'2015-11-17 07:56:28'),(8371,'/share/SOR-023.mp4','SOR-023.mp4','SOR-023.mp4','视频',49,0,1,'2015-11-17 07:56:28'),(8372,'/share/SOR-025.mp4','SOR-025.mp4','SOR-025.mp4','视频',49,0,1,'2015-11-17 07:56:28'),(8373,'/share/SQTE-078.mp4','SQTE-078.mp4','SQTE-078.mp4','视频',49,0,1,'2015-11-17 07:56:28'),(8374,'/share/SQTE-081.mp4','SQTE-081.mp4','SQTE-081.mp4','视频',49,0,1,'2015-11-17 07:56:28'),(8375,'/share/SQTE-086.mp4','SQTE-086.mp4','SQTE-086.mp4','视频',49,0,1,'2015-11-17 07:56:29'),(8376,'/share/SQTE-088.mp4','SQTE-088.mp4','SQTE-088.mp4','视频',49,0,1,'2015-11-17 07:56:29'),(8377,'/share/SQTE-093.mp4','SQTE-093.mp4','SQTE-093.mp4','视频',49,0,1,'2015-11-17 07:56:29'),(8378,'/share/SQTE-104.mp4','SQTE-104.mp4','SQTE-104.mp4','视频',49,0,1,'2015-11-17 07:56:29'),(8379,'/share/SRS-038.mp4','SRS-038.mp4','SRS-038.mp4','视频',49,0,1,'2015-11-17 07:56:29'),(8380,'/share/STAR-589.mp4','STAR-589.mp4','STAR-589.mp4','视频',49,0,1,'2015-11-17 07:56:29'),(8381,'/share/sw-194.mp4','sw-194.mp4','sw-194.mp4','视频',49,0,1,'2015-11-17 07:56:29'),(8382,'/share/SW-320.mp4','SW-320.mp4','SW-320.mp4','视频',49,0,1,'2015-11-17 07:56:29'),(8383,'/share/tbl-091.mp4','tbl-091.mp4','tbl-091.mp4','视频',49,0,1,'2015-11-17 07:56:29'),(8384,'/share/RTP-037 .mp4','RTP-037 .mp4','RTP-037 .mp4','视频',49,0,1,'2015-11-17 07:56:29'),(8385,'/share/RTP-039.mp4','RTP-039.mp4','RTP-039.mp4','视频',49,0,1,'2015-11-17 07:56:29'),(8386,'/share/RTP-047.mp4','RTP-047.mp4','RTP-047.mp4','视频',49,0,1,'2015-11-17 07:56:30'),(8387,'/share/RTP-048.mp4','RTP-048.mp4','RTP-048.mp4','视频',49,0,1,'2015-11-17 07:56:30'),(8388,'/share/RTP-049.mp4','RTP-049.mp4','RTP-049.mp4','视频',49,0,1,'2015-11-17 07:56:30'),(8389,'/share/RTP-052.mp4','RTP-052.mp4','RTP-052.mp4','视频',49,0,1,'2015-11-17 07:56:30'),(8390,'/share/saba-038.mp4','saba-038.mp4','saba-038.mp4','视频',49,0,1,'2015-11-17 07:56:30'),(8391,'/share/SAMA-714.mp4','SAMA-714.mp4','SAMA-714.mp4','视频',49,0,1,'2015-11-17 07:56:30'),(8392,'/share/sama-804.mp4','sama-804.mp4','sama-804.mp4','视频',49,0,1,'2015-11-17 07:56:30'),(8393,'/share/sama-811.mp4','sama-811.mp4','sama-811.mp4','视频',49,0,1,'2015-11-17 07:56:30'),(8394,'/share/sama-815.mp4','sama-815.mp4','sama-815.mp4','视频',49,0,1,'2015-11-17 07:56:30'),(8395,'/share/SAMA-866_A.mp4','SAMA-866_A.mp4','SAMA-866_A.mp4','视频',49,0,1,'2015-11-17 07:56:30'),(8396,'/share/SAMA-866_B.mp4','SAMA-866_B.mp4','SAMA-866_B.mp4','视频',49,0,1,'2015-11-17 07:56:30'),(8397,'/share/SAMA-871.mp4','SAMA-871.mp4','SAMA-871.mp4','视频',49,0,1,'2015-11-17 07:56:30'),(8398,'/share/SAMA-882.mp4','SAMA-882.mp4','SAMA-882.mp4','视频',49,0,1,'2015-11-17 07:56:30'),(8399,'/share/SAMA-912.mp4','SAMA-912.mp4','SAMA-912.mp4','视频',49,0,1,'2015-11-17 07:56:30'),(8400,'/share/SAMA-931.mp4','SAMA-931.mp4','SAMA-931.mp4','视频',49,0,1,'2015-11-17 07:56:30'),(8401,'/share/SCOP-269.mp4','SCOP-269.mp4','SCOP-269.mp4','视频',49,0,1,'2015-11-17 07:56:30'),(8402,'/share/PPPD-368.mp4','PPPD-368.mp4','PPPD-368.mp4','视频',49,0,1,'2015-11-17 07:56:30'),(8403,'/share/PPPD-370.mp4','PPPD-370.mp4','PPPD-370.mp4','视频',49,0,1,'2015-11-17 07:56:30'),(8404,'/share/PPPD-393.mp4','PPPD-393.mp4','PPPD-393.mp4','视频',49,0,1,'2015-11-17 07:56:30'),(8405,'/share/PPPD-409.mp4','PPPD-409.mp4','PPPD-409.mp4','视频',49,0,1,'2015-11-17 07:56:30'),(8406,'/share/PPPD408.mp4','PPPD408.mp4','PPPD408.mp4','视频',49,0,1,'2015-11-17 07:56:30'),(8407,'/share/QUEEN-001.mp4','QUEEN-001.mp4','QUEEN-001.mp4','视频',49,0,1,'2015-11-17 07:56:30'),(8408,'/share/RAW-015.mp4','RAW-015.mp4','RAW-015.mp4','视频',49,0,1,'2015-11-17 07:56:30'),(8409,'/share/RAW-016.mp4','RAW-016.mp4','RAW-016.mp4','视频',49,0,1,'2015-11-17 07:56:30'),(8410,'/share/rbd-625.mp4','rbd-625.mp4','rbd-625.mp4','视频',49,0,1,'2015-11-17 07:56:30'),(8411,'/share/RBD-682.mp4','RBD-682.mp4','RBD-682.mp4','视频',49,0,1,'2015-11-17 07:56:30'),(8412,'/share/RBD-726.mp4','RBD-726.mp4','RBD-726.mp4','视频',49,0,1,'2015-11-17 07:56:30'),(8413,'/share/rdd-034.mp4','rdd-034.mp4','rdd-034.mp4','视频',49,0,1,'2015-11-17 07:56:30'),(8414,'/share/rdt-196.mp4','rdt-196.mp4','rdt-196.mp4','视频',49,0,1,'2015-11-17 07:56:30'),(8415,'/share/rdt-201.mp4','rdt-201.mp4','rdt-201.mp4','视频',49,0,1,'2015-11-17 07:56:31'),(8416,'/share/rdt-209.mp4','rdt-209.mp4','rdt-209.mp4','视频',49,0,1,'2015-11-17 07:56:31'),(8417,'/share/RDT-215.mp4','RDT-215.mp4','RDT-215.mp4','视频',49,0,1,'2015-11-17 07:56:31'),(8418,'/share/RDT-217.mp4','RDT-217.mp4','RDT-217.mp4','视频',49,0,1,'2015-11-17 07:56:31'),(8419,'/share/RDT-218.mp4','RDT-218.mp4','RDT-218.mp4','视频',49,0,1,'2015-11-17 07:56:31'),(8420,'/share/RDT-219.mp4','RDT-219.mp4','RDT-219.mp4','视频',49,0,1,'2015-11-17 07:56:31'),(8421,'/share/RDT-220.mp4','RDT-220.mp4','RDT-220.mp4','视频',49,0,1,'2015-11-17 07:56:31'),(8422,'/share/RDT-225.mp4','RDT-225.mp4','RDT-225.mp4','视频',49,0,1,'2015-11-17 07:56:31'),(8423,'/share/RDT-227.mp4','RDT-227.mp4','RDT-227.mp4','视频',49,0,1,'2015-11-17 07:56:31'),(8424,'/share/RDT-237.mp4','RDT-237.mp4','RDT-237.mp4','视频',49,0,1,'2015-11-17 07:56:31'),(8425,'/share/RDT-239.mp4','RDT-239.mp4','RDT-239.mp4','视频',49,0,1,'2015-11-17 07:56:31'),(8426,'/share/she-116.mp4','she-116.mp4','she-116.mp4','视频',49,0,1,'2015-11-17 07:56:31'),(8427,'/share/SHE-225.mp4','SHE-225.mp4','SHE-225.mp4','视频',49,0,1,'2015-11-17 07:56:31'),(8428,'/share/SHE-226.mp4','SHE-226.mp4','SHE-226.mp4','视频',49,0,1,'2015-11-17 07:56:31'),(8429,'/share/SIRO-1866.mp4','SIRO-1866.mp4','SIRO-1866.mp4','视频',49,0,1,'2015-11-17 07:56:31'),(8430,'/share/sis-018.mp4','sis-018.mp4','sis-018.mp4','视频',49,0,1,'2015-11-17 07:56:31'),(8431,'/share/SIS-022.mp4','SIS-022.mp4','SIS-022.mp4','视频',49,0,1,'2015-11-17 07:56:31'),(8432,'/share/SIS-024.mp4','SIS-024.mp4','SIS-024.mp4','视频',49,0,1,'2015-11-17 07:56:31'),(8433,'/share/snis-205.mp4','snis-205.mp4','snis-205.mp4','视频',49,0,1,'2015-11-17 07:56:31'),(8434,'/share/SNIS-280.mp4','SNIS-280.mp4','SNIS-280.mp4','视频',49,0,1,'2015-11-17 07:56:31'),(8435,'/share/snis-291.mp4','snis-291.mp4','snis-291.mp4','视频',49,0,1,'2015-11-17 07:56:32'),(8436,'/share/snis-310.mp4','snis-310.mp4','snis-310.mp4','视频',49,0,1,'2015-11-17 07:56:32'),(8437,'/share/snis-316.mp4','snis-316.mp4','snis-316.mp4','视频',49,0,1,'2015-11-17 07:56:32'),(8438,'/share/SNIS-351.mp4','SNIS-351.mp4','SNIS-351.mp4','视频',49,0,1,'2015-11-17 07:56:32'),(8439,'/share/SNIS-360.mp4','SNIS-360.mp4','SNIS-360.mp4','视频',49,0,1,'2015-11-17 07:56:32'),(8440,'/share/SNIS-368.mp4','SNIS-368.mp4','SNIS-368.mp4','视频',49,0,1,'2015-11-17 07:56:32'),(8441,'/share/SNIS-378.mp4','SNIS-378.mp4','SNIS-378.mp4','视频',49,0,1,'2015-11-17 07:56:32'),(8442,'/share/SNIS-380.mp4','SNIS-380.mp4','SNIS-380.mp4','视频',49,0,1,'2015-11-17 07:56:32'),(8443,'/share/SNIS-389.mp4','SNIS-389.mp4','SNIS-389.mp4','视频',49,0,1,'2015-11-17 07:56:32'),(8444,'/share/MOND-059.mp4','MOND-059.mp4','MOND-059.mp4','视频',49,0,1,'2015-11-17 07:56:32'),(8445,'/share/MOND-060.mp4','MOND-060.mp4','MOND-060.mp4','视频',49,0,1,'2015-11-17 07:56:32'),(8446,'/share/MRT-010.mp4','MRT-010.mp4','MRT-010.mp4','视频',49,0,1,'2015-11-17 07:56:32'),(8447,'/share/MUM-162.mp4','MUM-162.mp4','MUM-162.mp4','视频',49,0,1,'2015-11-17 07:56:32'),(8448,'/share/MUM-165.mp4','MUM-165.mp4','MUM-165.mp4','视频',49,0,1,'2015-11-17 07:56:33'),(8449,'/share/mxgs-607.mp4','mxgs-607.mp4','mxgs-607.mp4','视频',49,0,1,'2015-11-17 07:56:33'),(8450,'/share/nanp-004.mp4','nanp-004.mp4','nanp-004.mp4','视频',49,0,1,'2015-11-17 07:56:33'),(8451,'/share/NANP-021.mp4','NANP-021.mp4','NANP-021.mp4','视频',49,0,1,'2015-11-17 07:56:33'),(8452,'/share/NANP-022.mp4','NANP-022.mp4','NANP-022.mp4','视频',49,0,1,'2015-11-17 07:56:33'),(8453,'/share/nanx-016.mp4','nanx-016.mp4','nanx-016.mp4','视频',49,0,1,'2015-11-17 07:56:33'),(8454,'/share/NHDTA-614.mp4','NHDTA-614.mp4','NHDTA-614.mp4','视频',49,0,1,'2015-11-17 07:56:33'),(8455,'/share/NHDTA-639.mp4','NHDTA-639.mp4','NHDTA-639.mp4','视频',49,0,1,'2015-11-17 07:56:33'),(8456,'/share/NHDTA-651.mp4','NHDTA-651.mp4','NHDTA-651.mp4','视频',49,0,1,'2015-11-17 07:56:33'),(8457,'/share/NHDTA-689.mp4','NHDTA-689.mp4','NHDTA-689.mp4','视频',49,0,1,'2015-11-17 07:56:33'),(8458,'/share/nka-009.mp4','nka-009.mp4','nka-009.mp4','视频',49,0,1,'2015-11-17 07:56:33'),(8459,'/share/HAR-005.mp4','HAR-005.mp4','HAR-005.mp4','视频',49,0,1,'2015-11-17 07:56:33'),(8460,'/share/HAR-007.mp4','HAR-007.mp4','HAR-007.mp4','视频',49,0,1,'2015-11-17 07:56:33'),(8461,'/share/HAR-009.mp4','HAR-009.mp4','HAR-009.mp4','视频',49,0,1,'2015-11-17 07:56:33'),(8462,'/share/HAR-012.mp4','HAR-012.mp4','HAR-012.mp4','视频',49,0,1,'2015-11-17 07:56:33'),(8463,'/share/hawa-028.mp4','hawa-028.mp4','hawa-028.mp4','视频',49,0,1,'2015-11-17 07:56:33'),(8464,'/share/HBAD-243R.mp4','HBAD-243R.mp4','HBAD-243R.mp4','视频',49,0,1,'2015-11-17 07:56:33'),(8465,'/share/HBAD-270.mp4','HBAD-270.mp4','HBAD-270.mp4','视频',49,0,1,'2015-11-17 07:56:33'),(8466,'/share/HEY-052.mp4','HEY-052.mp4','HEY-052.mp4','视频',49,0,1,'2015-11-17 07:56:33'),(8467,'/share/HND-169.mp4','HND-169.mp4','HND-169.mp4','视频',49,0,1,'2015-11-17 07:56:33'),(8468,'/share/hodv-2101.mp4','hodv-2101.mp4','hodv-2101.mp4','视频',49,0,1,'2015-11-17 07:56:34'),(8469,'/share/hodv-2102.mp4','hodv-2102.mp4','hodv-2102.mp4','视频',49,0,1,'2015-11-17 07:56:34'),(8470,'/share/HRRB-002.mp4','HRRB-002.mp4','HRRB-002.mp4','视频',49,0,1,'2015-11-17 07:56:34'),(8471,'/share/hunt-737.mp4','hunt-737.mp4','hunt-737.mp4','视频',49,0,1,'2015-11-17 07:56:34'),(8472,'/share/hunt-737b.mp4','hunt-737b.mp4','hunt-737b.mp4','视频',49,0,1,'2015-11-17 07:56:34'),(8473,'/share/hunt-737c.mp4','hunt-737c.mp4','hunt-737c.mp4','视频',49,0,1,'2015-11-17 07:56:34'),(8474,'/share/APAA-313.mp4','APAA-313.mp4','APAA-313.mp4','视频',49,0,1,'2015-11-17 07:56:34'),(8475,'/share/APAA-334.mp4','APAA-334.mp4','APAA-334.mp4','视频',49,0,1,'2015-11-17 07:56:34'),(8476,'/share/APAK-100.mp4','APAK-100.mp4','APAK-100.mp4','视频',49,0,1,'2015-11-17 07:56:34'),(8477,'/share/ATFB-258.mp4','ATFB-258.mp4','ATFB-258.mp4','视频',49,0,1,'2015-11-17 07:56:34'),(8478,'/share/bazx-004.mp4','bazx-004.mp4','bazx-004.mp4','视频',49,0,1,'2015-11-17 07:56:34'),(8479,'/share/bdsr-176.mp4','bdsr-176.mp4','bdsr-176.mp4','视频',49,0,1,'2015-11-17 07:56:34'),(8480,'/share/BF-400.mp4','BF-400.mp4','BF-400.mp4','视频',49,0,1,'2015-11-17 07:56:34'),(8481,'/share/BF-420.mp4','BF-420.mp4','BF-420.mp4','视频',49,0,1,'2015-11-17 07:56:34'),(8482,'/share/BGN-014.mp4','BGN-014.mp4','BGN-014.mp4','视频',49,0,1,'2015-11-17 07:56:34'),(8483,'/share/BGN-018.mp4','BGN-018.mp4','BGN-018.mp4','视频',49,0,1,'2015-11-17 07:56:34'),(8484,'/share/BGN-021.mp4','BGN-021.mp4','BGN-021.mp4','视频',49,0,1,'2015-11-17 07:56:34'),(8485,'/share/CEAD-101.mp4','CEAD-101.mp4','CEAD-101.mp4','视频',49,0,1,'2015-11-17 07:56:34'),(8486,'/share/cfnm-004.mp4','cfnm-004.mp4','cfnm-004.mp4','视频',49,0,1,'2015-11-17 07:56:34'),(8487,'/share/chn-053.mp4','chn-053.mp4','chn-053.mp4','视频',49,0,1,'2015-11-17 07:56:34'),(8488,'/share/CHN-070.mp4','CHN-070.mp4','CHN-070.mp4','视频',49,0,1,'2015-11-17 07:56:34'),(8489,'/share/CHN-087.mp4','CHN-087.mp4','CHN-087.mp4','视频',49,0,1,'2015-11-17 07:56:34'),(8490,'/share/CHN-088.mp4','CHN-088.mp4','CHN-088.mp4','视频',49,0,1,'2015-11-17 07:56:34'),(8491,'/share/CLUB-184.mp4','CLUB-184.mp4','CLUB-184.mp4','视频',49,0,1,'2015-11-17 07:56:34'),(8492,'/share/CLUB-210.mp4','CLUB-210.mp4','CLUB-210.mp4','视频',49,0,1,'2015-11-17 07:56:35'),(8493,'/share/other/ezd-349.avi','ezd-349.avi','ezd-349.avi','其他',50,0,1,'2015-11-17 07:56:35'),(8494,'/share/other/ezd-361.avi','ezd-361.avi','ezd-361.avi','其他',50,0,1,'2015-11-17 07:56:35'),(8495,'/share/other/fset-463.avi','fset-463.avi','fset-463.avi','其他',50,0,1,'2015-11-17 07:56:35'),(8496,'/share/other/FSET-566.avi','FSET-566.avi','FSET-566.avi','其他',50,0,1,'2015-11-17 07:56:35'),(8497,'/share/other/fst-019.avi','fst-019.avi','fst-019.avi','其他',50,0,1,'2015-11-17 07:56:35'),(8498,'/share/other/FTN-029.avi','FTN-029.avi','FTN-029.avi','其他',50,0,1,'2015-11-17 07:56:35'),(8499,'/share/other/GAR-231.avi','GAR-231.avi','GAR-231.avi','其他',50,0,1,'2015-11-17 07:56:35'),(8500,'/share/other/gar-236.wmv','gar-236.wmv','gar-236.wmv','其他',50,0,1,'2015-11-17 07:56:36'),(8501,'/share/other/GDTM-074.avi','GDTM-074.avi','GDTM-074.avi','其他',50,0,1,'2015-11-17 07:56:36'),(8502,'/share/other/gg-270.avi','gg-270.avi','gg-270.avi','其他',50,0,1,'2015-11-17 07:56:36'),(8503,'/share/other/GNE-099.avi','GNE-099.avi','GNE-099.avi','其他',50,0,1,'2015-11-17 07:56:36'),(8504,'/share/other/GTAL-018.avi','GTAL-018.avi','GTAL-018.avi','其他',50,0,1,'2015-11-17 07:56:36'),(8505,'/share/other/RAW-019.avi','RAW-019.avi','RAW-019.avi','其他',50,0,1,'2015-11-17 07:56:37'),(8506,'/share/other/RBD-697.avi','RBD-697.avi','RBD-697.avi','其他',50,0,1,'2015-11-17 07:56:37'),(8507,'/share/other/rdd-028.avi','rdd-028.avi','rdd-028.avi','其他',50,0,1,'2015-11-17 07:56:37'),(8508,'/share/other/rdd-037.avi','rdd-037.avi','rdd-037.avi','其他',50,0,1,'2015-11-17 07:56:37'),(8509,'/share/other/rdd-046.avi','rdd-046.avi','rdd-046.avi','其他',50,0,1,'2015-11-17 07:56:37'),(8510,'/share/other/rdd-048.avi','rdd-048.avi','rdd-048.avi','其他',50,0,1,'2015-11-17 07:56:37'),(8511,'/share/other/rdd-056c.avi','rdd-056c.avi','rdd-056c.avi','其他',50,0,1,'2015-11-17 07:56:37'),(8512,'/share/other/rdd-076.avi','rdd-076.avi','rdd-076.avi','其他',50,0,1,'2015-11-17 07:56:37'),(8513,'/share/other/rdd-082.avi','rdd-082.avi','rdd-082.avi','其他',50,0,1,'2015-11-17 07:56:38'),(8514,'/share/other/rdd-085.avi','rdd-085.avi','rdd-085.avi','其他',50,0,1,'2015-11-17 07:56:38'),(8515,'/share/other/rdd-150r.avi','rdd-150r.avi','rdd-150r.avi','其他',50,0,1,'2015-11-17 07:56:38'),(8516,'/share/other/rdt-209 .avi','rdt-209 .avi','rdt-209 .avi','其他',50,0,1,'2015-11-17 07:56:38'),(8517,'/share/other/rhj-127.avi','rhj-127.avi','rhj-127.avi','其他',50,0,1,'2015-11-17 07:56:38'),(8518,'/share/other/rtp-034.wmv','rtp-034.wmv','rtp-034.wmv','其他',50,0,1,'2015-11-17 07:56:38'),(8519,'/share/other/RTP-060.avi','RTP-060.avi','RTP-060.avi','其他',50,0,1,'2015-11-17 07:56:38'),(8520,'/share/other/SNIS-551.avi','SNIS-551.avi','SNIS-551.avi','其他',50,0,1,'2015-11-17 07:56:38'),(8521,'/share/other/so-008.wmv','so-008.wmv','so-008.wmv','其他',50,0,1,'2015-11-17 07:56:38'),(8522,'/share/other/SOAV-009.avi','SOAV-009.avi','SOAV-009.avi','其他',50,0,1,'2015-11-17 07:56:38'),(8523,'/share/other/soe-540.avi','soe-540.avi','soe-540.avi','其他',50,0,1,'2015-11-17 07:56:38'),(8524,'/share/other/soe-600.avi','soe-600.avi','soe-600.avi','其他',50,0,1,'2015-11-17 07:56:38'),(8525,'/share/other/sora-002.avi','sora-002.avi','sora-002.avi','其他',50,0,1,'2015-11-17 07:56:38'),(8526,'/share/other/SPS-016.avi','SPS-016.avi','SPS-016.avi','其他',50,0,1,'2015-11-17 07:56:38'),(8527,'/share/other/sps-018.avi','sps-018.avi','sps-018.avi','其他',50,0,1,'2015-11-17 07:56:38'),(8528,'/share/other/sps-022.avi','sps-022.avi','sps-022.avi','其他',50,0,1,'2015-11-17 07:56:38'),(8529,'/share/other/sps-024.avi','sps-024.avi','sps-024.avi','其他',50,0,1,'2015-11-17 07:56:38'),(8530,'/share/other/srr-022.avi','srr-022.avi','srr-022.avi','其他',50,0,1,'2015-11-17 07:56:38'),(8531,'/share/other/srs-017.avi','srs-017.avi','srs-017.avi','其他',50,0,1,'2015-11-17 07:56:38'),(8532,'/share/other/SRS-041.avi','SRS-041.avi','SRS-041.avi','其他',50,0,1,'2015-11-17 07:56:38'),(8533,'/share/other/STAR-409.mkv','STAR-409.mkv','STAR-409.mkv','其他',50,0,1,'2015-11-17 07:56:38'),(8534,'/share/other/star-475.avi','star-475.avi','star-475.avi','其他',50,0,1,'2015-11-17 07:56:38'),(8535,'/share/other/star-539.avi','star-539.avi','star-539.avi','其他',50,0,1,'2015-11-17 07:56:38'),(8536,'/share/other/star-546.avi','star-546.avi','star-546.avi','其他',50,0,1,'2015-11-17 07:56:38'),(8537,'/share/other/STAR-600.wmv','STAR-600.wmv','STAR-600.wmv','其他',50,0,1,'2015-11-17 07:56:38'),(8538,'/share/other/STAR-612.avi','STAR-612.avi','STAR-612.avi','其他',50,0,1,'2015-11-17 07:56:38'),(8539,'/share/other/STAR-622.avi','STAR-622.avi','STAR-622.avi','其他',50,0,1,'2015-11-17 07:56:38'),(8540,'/share/other/STAR-627.avi','STAR-627.avi','STAR-627.avi','其他',50,0,1,'2015-11-17 07:56:38'),(8541,'/share/other/SUPD-133.avi','SUPD-133.avi','SUPD-133.avi','其他',50,0,1,'2015-11-17 07:56:38'),(8542,'/share/other/sw-018.mkv','sw-018.mkv','sw-018.mkv','其他',50,0,1,'2015-11-17 07:56:38'),(8543,'/share/other/T28-424.avi','T28-424.avi','T28-424.avi','其他',50,0,1,'2015-11-17 07:56:38'),(8544,'/share/other/VGD-165.avi','VGD-165.avi','VGD-165.avi','其他',50,0,1,'2015-11-17 07:56:38'),(8545,'/share/other/whx-007.avi','whx-007.avi','whx-007.avi','其他',50,0,1,'2015-11-17 07:56:39'),(8546,'/share/other/whx-025.avi','whx-025.avi','whx-025.avi','其他',50,0,1,'2015-11-17 07:56:39'),(8547,'/share/other/wnz-337.avi','wnz-337.avi','wnz-337.avi','其他',50,0,1,'2015-11-17 07:56:39'),(8548,'/share/other/xv-704.avi','xv-704.avi','xv-704.avi','其他',50,0,1,'2015-11-17 07:56:39'),(8549,'/share/other/xv-812.avi','xv-812.avi','xv-812.avi','其他',50,0,1,'2015-11-17 07:56:39'),(8550,'/share/other/xvsr-001.avi','xvsr-001.avi','xvsr-001.avi','其他',50,0,1,'2015-11-17 07:56:39'),(8551,'/share/other/xvsr-061.avi','xvsr-061.avi','xvsr-061.avi','其他',50,0,1,'2015-11-17 07:56:39'),(8552,'/share/other/yal-026.avi','yal-026.avi','yal-026.avi','其他',50,0,1,'2015-11-17 07:56:39'),(8553,'/share/other/yrh-039a,.avi','yrh-039a,.avi','yrh-039a,.avi','其他',50,0,1,'2015-11-17 07:56:39'),(8554,'/share/other/atom-176.avi','atom-176.avi','atom-176.avi','其他',50,0,1,'2015-11-17 07:56:39'),(8555,'/share/other/AVKH-022.wmv','AVKH-022.wmv','AVKH-022.wmv','其他',50,0,1,'2015-11-17 07:56:39'),(8556,'/share/other/bdsr-172.avi','bdsr-172.avi','bdsr-172.avi','其他',50,0,1,'2015-11-17 07:56:39'),(8557,'/share/other/bf-087.avi','bf-087.avi','bf-087.avi','其他',50,0,1,'2015-11-17 07:56:39'),(8558,'/share/other/BGN-023.avi','BGN-023.avi','BGN-023.avi','其他',50,0,1,'2015-11-17 07:56:39'),(8559,'/share/other/BGN-029_Y.avi','BGN-029_Y.avi','BGN-029_Y.avi','其他',50,0,1,'2015-11-17 07:56:39'),(8560,'/share/other/blk-177.wmv','blk-177.wmv','blk-177.wmv','其他',50,0,1,'2015-11-17 07:56:39'),(8561,'/share/other/bur-411.avi','bur-411.avi','bur-411.avi','其他',50,0,1,'2015-11-17 07:56:39'),(8562,'/share/other/c-1582.avi','c-1582.avi','c-1582.avi','其他',50,0,1,'2015-11-17 07:56:40'),(8563,'/share/other/c-1796.avi','c-1796.avi','c-1796.avi','其他',50,0,1,'2015-11-17 07:56:40'),(8564,'/share/other/cand-010.avi','cand-010.avi','cand-010.avi','其他',50,0,1,'2015-11-17 07:56:40'),(8565,'/share/other/CHN-030.avi','CHN-030.avi','CHN-030.avi','其他',50,0,1,'2015-11-17 07:56:40'),(8566,'/share/other/chn-061.avi','chn-061.avi','chn-061.avi','其他',50,0,1,'2015-11-17 07:56:40'),(8567,'/share/other/APAK-098.wmv','APAK-098.wmv','APAK-098.wmv','其他',50,0,1,'2015-11-17 07:56:40'),(8568,'/share/other/EYAN-030.avi','EYAN-030.avi','EYAN-030.avi','其他',50,0,1,'2015-11-17 07:56:40'),(8569,'/share/other/GTN-001.avi','GTN-001.avi','GTN-001.avi','其他',50,0,1,'2015-11-17 07:56:40'),(8570,'/share/other/iptd-670.avi','iptd-670.avi','iptd-670.avi','其他',50,0,1,'2015-11-17 07:56:40'),(8571,'/share/other/kkj-016.avi','kkj-016.avi','kkj-016.avi','其他',50,0,1,'2015-11-17 07:56:40'),(8572,'/share/other/mmy-018.avi','mmy-018.avi','mmy-018.avi','其他',50,0,1,'2015-11-17 07:56:40'),(8573,'/share/other/odfa-016.avi','odfa-016.avi','odfa-016.avi','其他',50,0,1,'2015-11-17 07:56:40'),(8574,'/share/other/odfb-037.wmv','odfb-037.wmv','odfb-037.wmv','其他',50,0,1,'2015-11-17 07:56:40'),(8575,'/share/other/raw-011.avi','raw-011.avi','raw-011.avi','其他',50,0,1,'2015-11-17 07:56:40'),(8576,'/share/other/saba-128.avi','saba-128.avi','saba-128.avi','其他',50,0,1,'2015-11-17 07:56:40'),(8577,'/share/other/scop-049.avi','scop-049.avi','scop-049.avi','其他',50,0,1,'2015-11-17 07:56:40'),(8578,'/share/other/sga-014.avi','sga-014.avi','sga-014.avi','其他',50,0,1,'2015-11-17 07:56:40'),(8579,'/share/other/snis-539.avi','snis-539.avi','snis-539.avi','其他',50,0,1,'2015-11-17 07:56:40'),(8580,'/share/other/TBL-106.avi','TBL-106.avi','TBL-106.avi','其他',50,0,1,'2015-11-17 07:56:40'),(8581,'/share/other/KWSD-001.avi','KWSD-001.avi','KWSD-001.avi','其他',50,0,1,'2015-11-17 07:56:40'),(8582,'/share/other/KWSD-004.avi','KWSD-004.avi','KWSD-004.avi','其他',50,0,1,'2015-11-17 07:56:40'),(8583,'/share/other/KWSD-005.avi','KWSD-005.avi','KWSD-005.avi','其他',50,0,1,'2015-11-17 07:56:40'),(8584,'/share/other/kyk-010.avi','kyk-010.avi','kyk-010.avi','其他',50,0,1,'2015-11-17 07:56:41'),(8585,'/share/other/leg-010.avi','leg-010.avi','leg-010.avi','其他',50,0,1,'2015-11-17 07:56:41'),(8586,'/share/other/lpt-005.avi','lpt-005.avi','lpt-005.avi','其他',50,0,1,'2015-11-17 07:56:41'),(8587,'/share/other/lztd-001.wmv','lztd-001.wmv','lztd-001.wmv','其他',50,0,1,'2015-11-17 07:56:41'),(8588,'/share/other/madv-167.avi','madv-167.avi','madv-167.avi','其他',50,0,1,'2015-11-17 07:56:41'),(8589,'/share/other/mas-024.avi','mas-024.avi','mas-024.avi','其他',50,0,1,'2015-11-17 07:56:41'),(8590,'/share/other/mas-102.avi','mas-102.avi','mas-102.avi','其他',50,0,1,'2015-11-17 07:56:41'),(8591,'/share/other/MCDV-20.avi','MCDV-20.avi','MCDV-20.avi','其他',50,0,1,'2015-11-17 07:56:41'),(8592,'/share/other/mds-632.avi','mds-632.avi','mds-632.avi','其他',50,0,1,'2015-11-17 07:56:41'),(8593,'/share/other/MDTM-045.wmv','MDTM-045.wmv','MDTM-045.wmv','其他',50,0,1,'2015-11-17 07:56:41'),(8594,'/share/other/mek-011.avi','mek-011.avi','mek-011.avi','其他',50,0,1,'2015-11-17 07:56:41'),(8595,'/share/other/miad-533.avi','miad-533.avi','miad-533.avi','其他',50,0,1,'2015-11-17 07:56:41'),(8596,'/share/other/mide-051.avi','mide-051.avi','mide-051.avi','其他',50,0,1,'2015-11-17 07:56:41'),(8597,'/share/other/MIDE-247.avi','MIDE-247.avi','MIDE-247.avi','其他',50,0,1,'2015-11-17 07:56:41'),(8598,'/share/other/MILD-986.avi','MILD-986.avi','MILD-986.avi','其他',50,0,1,'2015-11-17 07:56:41'),(8599,'/share/other/mimk-020.avi','mimk-020.avi','mimk-020.avi','其他',50,0,1,'2015-11-17 07:56:41'),(8600,'/share/other/MKMP-034.avi','MKMP-034.avi','MKMP-034.avi','其他',50,0,1,'2015-11-17 07:56:41'),(8601,'/share/other/SCOP-289.wmv','SCOP-289.wmv','SCOP-289.wmv','其他',50,0,1,'2015-11-17 07:56:41'),(8602,'/share/other/SCOP-290.wmv','SCOP-290.wmv','SCOP-290.wmv','其他',50,0,1,'2015-11-17 07:56:41'),(8603,'/share/other/SCOP-338-Y.avi','SCOP-338-Y.avi','SCOP-338-Y.avi','其他',50,0,1,'2015-11-17 07:56:41'),(8604,'/share/other/sdmt-241.avi','sdmt-241.avi','sdmt-241.avi','其他',50,0,1,'2015-11-17 07:56:41'),(8605,'/share/other/SDMT-463.avi','SDMT-463.avi','SDMT-463.avi','其他',50,0,1,'2015-11-17 07:56:42'),(8606,'/share/other/sdmt-910.wmv','sdmt-910.wmv','sdmt-910.wmv','其他',50,0,1,'2015-11-17 07:56:42'),(8607,'/share/other/sdmt-910a.wmv','sdmt-910a.wmv','sdmt-910a.wmv','其他',50,0,1,'2015-11-17 07:56:42'),(8608,'/share/other/SDNM-061.avi','SDNM-061.avi','SDNM-061.avi','其他',50,0,1,'2015-11-17 07:56:42'),(8609,'/share/other/SDSI-002.avi','SDSI-002.avi','SDSI-002.avi','其他',50,0,1,'2015-11-17 07:56:42'),(8610,'/share/other/SDSI-018.avi','SDSI-018.avi','SDSI-018.avi','其他',50,0,1,'2015-11-17 07:56:42'),(8611,'/share/other/SDSI-021.avi','SDSI-021.avi','SDSI-021.avi','其他',50,0,1,'2015-11-17 07:56:42'),(8612,'/share/other/sero-0105.avi','sero-0105.avi','sero-0105.avi','其他',50,0,1,'2015-11-17 07:56:42'),(8613,'/share/other/SERO-0154.avi','SERO-0154.avi','SERO-0154.avi','其他',50,0,1,'2015-11-17 07:56:42'),(8614,'/share/other/aak-027.wmv','aak-027.wmv','aak-027.wmv','其他',50,0,1,'2015-11-17 07:56:42'),(8615,'/share/other/abp-038.avi','abp-038.avi','abp-038.avi','其他',50,0,1,'2015-11-17 07:56:42'),(8616,'/share/other/abp-049c.avi','abp-049c.avi','abp-049c.avi','其他',50,0,1,'2015-11-17 07:56:43'),(8617,'/share/other/ABP-111.avi','ABP-111.avi','ABP-111.avi','其他',50,0,1,'2015-11-17 07:56:43'),(8618,'/share/other/abp-171.avi','abp-171.avi','abp-171.avi','其他',50,0,1,'2015-11-17 07:56:43'),(8619,'/share/other/MRT-001.avi','MRT-001.avi','MRT-001.avi','其他',50,0,1,'2015-11-17 07:56:43'),(8620,'/share/other/mukd-356.avi','mukd-356.avi','mukd-356.avi','其他',50,0,1,'2015-11-17 07:56:43'),(8621,'/share/other/mxgs-267r.avi','mxgs-267r.avi','mxgs-267r.avi','其他',50,0,1,'2015-11-17 07:56:43'),(8622,'/share/other/MXGS-724.mkv','MXGS-724.mkv','MXGS-724.mkv','其他',50,0,1,'2015-11-17 07:56:43'),(8623,'/share/other/MXGS-765.mkv','MXGS-765.mkv','MXGS-765.mkv','其他',50,0,1,'2015-11-17 07:56:43'),(8624,'/share/other/MXGS-791.avi','MXGS-791.avi','MXGS-791.avi','其他',50,0,1,'2015-11-17 07:56:43'),(8625,'/share/other/MXGS-827.avi','MXGS-827.avi','MXGS-827.avi','其他',50,0,1,'2015-11-17 07:56:43'),(8626,'/share/other/n0787.mp4','n0787.mp4','n0787.mp4','其他',50,0,1,'2015-11-17 07:56:43'),(8627,'/share/other/n494agm5.mp4','n494agm5.mp4','n494agm5.mp4','其他',50,0,1,'2015-11-17 07:56:43'),(8628,'/share/other/NANP-025.avi','NANP-025.avi','NANP-025.avi','其他',50,0,1,'2015-11-17 07:56:43'),(8629,'/share/other/NANP-026.avi','NANP-026.avi','NANP-026.avi','其他',50,0,1,'2015-11-17 07:56:43'),(8630,'/share/other/NANX-049.avi','NANX-049.avi','NANX-049.avi','其他',50,0,1,'2015-11-17 07:56:43'),(8631,'/share/other/NANX-058.avi','NANX-058.avi','NANX-058.avi','其他',50,0,1,'2015-11-17 07:56:43'),(8632,'/share/other/NATR-449.wmv','NATR-449.wmv','NATR-449.wmv','其他',50,0,1,'2015-11-17 07:56:43'),(8633,'/share/other/net-008.avi','net-008.avi','net-008.avi','其他',50,0,1,'2015-11-17 07:56:43'),(8634,'/share/other/NNP-016.avi','NNP-016.avi','NNP-016.avi','其他',50,0,1,'2015-11-17 07:56:43'),(8635,'/share/other/NNPJ-115.avi','NNPJ-115.avi','NNPJ-115.avi','其他',50,0,1,'2015-11-17 07:56:43'),(8636,'/share/other/odfa-003.avi','odfa-003.avi','odfa-003.avi','其他',50,0,1,'2015-11-17 07:56:43'),(8637,'/share/other/IPTD-745.avi','IPTD-745.avi','IPTD-745.avi','其他',50,0,1,'2015-11-17 07:56:43'),(8638,'/share/other/iptd-995.avi','iptd-995.avi','iptd-995.avi','其他',50,0,1,'2015-11-17 07:56:43'),(8639,'/share/other/IPZ-144.avi','IPZ-144.avi','IPZ-144.avi','其他',50,0,1,'2015-11-17 07:56:43'),(8640,'/share/other/ipz-246.avi','ipz-246.avi','ipz-246.avi','其他',50,0,1,'2015-11-17 07:56:43'),(8641,'/share/other/ipz-263.avi','ipz-263.avi','ipz-263.avi','其他',50,0,1,'2015-11-17 07:56:43'),(8642,'/share/other/ipz-274.avi','ipz-274.avi','ipz-274.avi','其他',50,0,1,'2015-11-17 07:56:43'),(8643,'/share/other/ipz-426.avi','ipz-426.avi','ipz-426.avi','其他',50,0,1,'2015-11-17 07:56:43'),(8644,'/share/other/ipz-454.avi','ipz-454.avi','ipz-454.avi','其他',50,0,1,'2015-11-17 07:56:43'),(8645,'/share/other/IPZ-590.avi','IPZ-590.avi','IPZ-590.avi','其他',50,0,1,'2015-11-17 07:56:43'),(8646,'/share/other/IPZ-637.avi','IPZ-637.avi','IPZ-637.avi','其他',50,0,1,'2015-11-17 07:56:44'),(8647,'/share/other/IPZ-648.avi','IPZ-648.avi','IPZ-648.avi','其他',50,0,1,'2015-11-17 07:56:44'),(8648,'/share/other/IPZ-653.avi','IPZ-653.avi','IPZ-653.avi','其他',50,0,1,'2015-11-17 07:56:44'),(8649,'/share/other/JAN-003.avi','JAN-003.avi','JAN-003.avi','其他',50,0,1,'2015-11-17 07:56:44'),(8650,'/share/other/jcn-002.avi','jcn-002.avi','jcn-002.avi','其他',50,0,1,'2015-11-17 07:56:44'),(8651,'/share/other/jj-023.avi','jj-023.avi','jj-023.avi','其他',50,0,1,'2015-11-17 07:56:44'),(8652,'/share/other/tbtb-014.avi','tbtb-014.avi','tbtb-014.avi','其他',50,0,1,'2015-11-17 07:56:44'),(8653,'/share/other/tmdi-030.avi','tmdi-030.avi','tmdi-030.avi','其他',50,0,1,'2015-11-17 07:56:44'),(8654,'/share/other/TMDI-055.avi','TMDI-055.avi','TMDI-055.avi','其他',50,0,1,'2015-11-17 07:56:44'),(8655,'/share/other/tmem-061.wmv','tmem-061.wmv','tmem-061.wmv','其他',50,0,1,'2015-11-17 07:56:44'),(8656,'/share/other/tmsg-029.avi','tmsg-029.avi','tmsg-029.avi','其他',50,0,1,'2015-11-17 07:56:44'),(8657,'/share/other/tog-008.avi','tog-008.avi','tog-008.avi','其他',50,0,1,'2015-11-17 07:56:44'),(8658,'/share/other/tog-011.avi','tog-011.avi','tog-011.avi','其他',50,0,1,'2015-11-17 07:56:44'),(8659,'/share/other/tym-001.avi','tym-001.avi','tym-001.avi','其他',50,0,1,'2015-11-17 07:56:44'),(8660,'/share/other/ufd-010.avi','ufd-010.avi','ufd-010.avi','其他',50,0,1,'2015-11-17 07:56:44'),(8661,'/share/other/ufd-016.avi','ufd-016.avi','ufd-016.avi','其他',50,0,1,'2015-11-17 07:56:44'),(8662,'/share/other/upsm-057.avi','upsm-057.avi','upsm-057.avi','其他',50,0,1,'2015-11-17 07:56:44'),(8663,'/share/other/upsm-058.avi','upsm-058.avi','upsm-058.avi','其他',50,0,1,'2015-11-17 07:56:44'),(8664,'/share/other/urde-001.avi','urde-001.avi','urde-001.avi','其他',50,0,1,'2015-11-17 07:56:44'),(8665,'/share/other/uyih-6354.avi','uyih-6354.avi','uyih-6354.avi','其他',50,0,1,'2015-11-17 07:56:44'),(8666,'/share/other/dv-1048.avi','dv-1048.avi','dv-1048.avi','其他',50,0,1,'2015-11-17 07:56:44'),(8667,'/share/other/dv-1168.avi','dv-1168.avi','dv-1168.avi','其他',50,0,1,'2015-11-17 07:56:44'),(8668,'/share/other/dv-1194r.avi','dv-1194r.avi','dv-1194r.avi','其他',50,0,1,'2015-11-17 07:56:44'),(8669,'/share/other/dv-1211.avi','dv-1211.avi','dv-1211.avi','其他',50,0,1,'2015-11-17 07:56:44'),(8670,'/share/other/dv-1213.avi','dv-1213.avi','dv-1213.avi','其他',50,0,1,'2015-11-17 07:56:44'),(8671,'/share/other/dv-143.avi','dv-143.avi','dv-143.avi','其他',50,0,1,'2015-11-17 07:56:44'),(8672,'/share/other/dv-1545.avi','dv-1545.avi','dv-1545.avi','其他',50,0,1,'2015-11-17 07:56:44'),(8673,'/share/other/dv-1642.avi','dv-1642.avi','dv-1642.avi','其他',50,0,1,'2015-11-17 07:56:44'),(8674,'/share/other/dv-1667.avi','dv-1667.avi','dv-1667.avi','其他',50,0,1,'2015-11-17 07:56:44'),(8675,'/share/other/dvdes-354r..avi','dvdes-354r..avi','dvdes-354r..avi','其他',50,0,1,'2015-11-17 07:56:44'),(8676,'/share/other/ekdv-142.avi','ekdv-142.avi','ekdv-142.avi','其他',50,0,1,'2015-11-17 07:56:44'),(8677,'/share/other/YRH-044.avi','YRH-044.avi','YRH-044.avi','其他',50,0,1,'2015-11-17 07:56:44'),(8678,'/share/other/YRH-096.avi','YRH-096.avi','YRH-096.avi','其他',50,0,1,'2015-11-17 07:56:44'),(8679,'/share/other/YRH-100.avi','YRH-100.avi','YRH-100.avi','其他',50,0,1,'2015-11-17 07:56:45'),(8680,'/share/other/yrz-004.avi','yrz-004.avi','yrz-004.avi','其他',50,0,1,'2015-11-17 07:56:45'),(8681,'/share/other/yrz-052.avi','yrz-052.avi','yrz-052.avi','其他',50,0,1,'2015-11-17 07:56:45'),(8682,'/share/other/yrz-079.avi','yrz-079.avi','yrz-079.avi','其他',50,0,1,'2015-11-17 07:56:45'),(8683,'/share/other/ysn-238.avi','ysn-238.avi','ysn-238.avi','其他',50,0,1,'2015-11-17 07:56:45'),(8684,'/share/other/ysn-405.avi','ysn-405.avi','ysn-405.avi','其他',50,0,1,'2015-11-17 07:56:45'),(8685,'/share/other/yst-18.wmv','yst-18.wmv','yst-18.wmv','其他',50,0,1,'2015-11-17 07:56:45'),(8686,'/share/other/ZEX-284.avi','ZEX-284.avi','ZEX-284.avi','其他',50,0,1,'2015-11-17 07:56:45'),(8687,'/share/other/ZIZG-008.avi','ZIZG-008.avi','ZIZG-008.avi','其他',50,0,1,'2015-11-17 07:56:45'),(8688,'/share/other/SGA-027.avi','SGA-027.avi','SGA-027.avi','其他',50,0,1,'2015-11-17 07:56:45'),(8689,'/share/other/shkd-563.wmv','shkd-563.wmv','shkd-563.wmv','其他',50,0,1,'2015-11-17 07:56:45'),(8690,'/share/other/siro-1226.wmv','siro-1226.wmv','siro-1226.wmv','其他',50,0,1,'2015-11-17 07:56:45'),(8691,'/share/other/sma-553.avi','sma-553.avi','sma-553.avi','其他',50,0,1,'2015-11-17 07:56:45'),(8692,'/share/other/sma-680r.avi','sma-680r.avi','sma-680r.avi','其他',50,0,1,'2015-11-17 07:56:45'),(8693,'/share/other/snis-048.avi','snis-048.avi','snis-048.avi','其他',50,0,1,'2015-11-17 07:56:45'),(8694,'/share/other/snis-070.avi','snis-070.avi','snis-070.avi','其他',50,0,1,'2015-11-17 07:56:45'),(8695,'/share/other/SNIS-136.avi','SNIS-136.avi','SNIS-136.avi','其他',50,0,1,'2015-11-17 07:56:45'),(8696,'/share/other/snis-190.avi','snis-190.avi','snis-190.avi','其他',50,0,1,'2015-11-17 07:56:45'),(8697,'/share/other/snis-230.avi','snis-230.avi','snis-230.avi','其他',50,0,1,'2015-11-17 07:56:45'),(8698,'/share/other/snis-270.avi','snis-270.avi','snis-270.avi','其他',50,0,1,'2015-11-17 07:56:45'),(8699,'/share/other/SNIS-481.avi','SNIS-481.avi','SNIS-481.avi','其他',50,0,1,'2015-11-17 07:56:45'),(8700,'/share/other/SNIS-531.avi','SNIS-531.avi','SNIS-531.avi','其他',50,0,1,'2015-11-17 07:56:45'),(8701,'/share/other/SABA-158.avi','SABA-158.avi','SABA-158.avi','其他',50,0,1,'2015-11-17 07:56:45'),(8702,'/share/other/sace-004.avi','sace-004.avi','sace-004.avi','其他',50,0,1,'2015-11-17 07:56:45'),(8703,'/share/other/sad-009.avi','sad-009.avi','sad-009.avi','其他',50,0,1,'2015-11-17 07:56:45'),(8704,'/share/other/sad-022.avi','sad-022.avi','sad-022.avi','其他',50,0,1,'2015-11-17 07:56:45'),(8705,'/share/other/SAD-028.avi','SAD-028.avi','SAD-028.avi','其他',50,0,1,'2015-11-17 07:56:45'),(8706,'/share/other/sama-345.avi','sama-345.avi','sama-345.avi','其他',50,0,1,'2015-11-17 07:56:45'),(8707,'/share/other/sama-347.avi','sama-347.avi','sama-347.avi','其他',50,0,1,'2015-11-17 07:56:45'),(8708,'/share/other/sama-376.avi','sama-376.avi','sama-376.avi','其他',50,0,1,'2015-11-17 07:56:45'),(8709,'/share/other/sama-619.avi','sama-619.avi','sama-619.avi','其他',50,0,1,'2015-11-17 07:56:45'),(8710,'/share/other/SAMA-745.avi','SAMA-745.avi','SAMA-745.avi','其他',50,0,1,'2015-11-17 07:56:45'),(8711,'/share/other/SAMA-872.avi','SAMA-872.avi','SAMA-872.avi','其他',50,0,1,'2015-11-17 07:56:45'),(8712,'/share/other/SAMA-878.avi','SAMA-878.avi','SAMA-878.avi','其他',50,0,1,'2015-11-17 07:56:45'),(8713,'/share/other/SAMA-926.avi','SAMA-926.avi','SAMA-926.avi','其他',50,0,1,'2015-11-17 07:56:45'),(8714,'/share/other/odfa-019.avi','odfa-019.avi','odfa-019.avi','其他',50,0,1,'2015-11-17 07:56:45'),(8715,'/share/other/OMEG-013.avi','OMEG-013.avi','OMEG-013.avi','其他',50,0,1,'2015-11-17 07:56:45'),(8716,'/share/other/OREA-004.avi','OREA-004.avi','OREA-004.avi','其他',50,0,1,'2015-11-17 07:56:45'),(8717,'/share/other/pgd-399.avi','pgd-399.avi','pgd-399.avi','其他',50,0,1,'2015-11-17 07:56:45'),(8718,'/share/other/pppd-315.avi','pppd-315.avi','pppd-315.avi','其他',50,0,1,'2015-11-17 07:56:45'),(8719,'/share/other/JOB-024.avi','JOB-024.avi','JOB-024.avi','其他',50,0,1,'2015-11-17 07:56:45'),(8720,'/share/other/johs-010.avi','johs-010.avi','johs-010.avi','其他',50,0,1,'2015-11-17 07:56:45'),(8721,'/share/other/juc-175.wmv','juc-175.wmv','juc-175.wmv','其他',50,0,1,'2015-11-17 07:56:46'),(8722,'/share/other/juc-398.mkv','juc-398.mkv','juc-398.mkv','其他',50,0,1,'2015-11-17 07:56:46'),(8723,'/share/other/kawd-290.avi','kawd-290.avi','kawd-290.avi','其他',50,0,1,'2015-11-17 07:56:46'),(8724,'/share/other/kawd-360.avi','kawd-360.avi','kawd-360.avi','其他',50,0,1,'2015-11-17 07:56:46'),(8725,'/share/other/kawd-573.wmv','kawd-573.wmv','kawd-573.wmv','其他',50,0,1,'2015-11-17 07:56:46'),(8726,'/share/other/kawd-631.avi','kawd-631.avi','kawd-631.avi','其他',50,0,1,'2015-11-17 07:56:46'),(8727,'/share/other/kawd-633.avi','kawd-633.avi','kawd-633.avi','其他',50,0,1,'2015-11-17 07:56:46'),(8728,'/share/other/kawd-637.avi','kawd-637.avi','kawd-637.avi','其他',50,0,1,'2015-11-17 07:56:46'),(8729,'/share/other/kawd-678.avi','kawd-678.avi','kawd-678.avi','其他',50,0,1,'2015-11-17 07:56:46'),(8730,'/share/other/KAWD-680.avi','KAWD-680.avi','KAWD-680.avi','其他',50,0,1,'2015-11-17 07:56:47'),(8731,'/share/other/kil-053.wmv','kil-053.wmv','kil-053.wmv','其他',50,0,1,'2015-11-17 07:56:47'),(8732,'/share/other/GVG-154.mkv','GVG-154.mkv','GVG-154.mkv','其他',50,0,1,'2015-11-17 07:56:47'),(8733,'/share/other/GVG-174.avi','GVG-174.avi','GVG-174.avi','其他',50,0,1,'2015-11-17 07:56:47'),(8734,'/share/other/havd-667.avi','havd-667.avi','havd-667.avi','其他',50,0,1,'2015-11-17 07:56:47'),(8735,'/share/other/hff-011.avi','hff-011.avi','hff-011.avi','其他',50,0,1,'2015-11-17 07:56:47'),(8736,'/share/other/HNB-091.avi','HNB-091.avi','HNB-091.avi','其他',50,0,1,'2015-11-17 07:56:47'),(8737,'/share/other/hodv-20657.avi','hodv-20657.avi','hodv-20657.avi','其他',50,0,1,'2015-11-17 07:56:47'),(8738,'/share/other/hodv-21008.avi','hodv-21008.avi','hodv-21008.avi','其他',50,0,1,'2015-11-17 07:56:48'),(8739,'/share/other/hodv-21032.avi','hodv-21032.avi','hodv-21032.avi','其他',50,0,1,'2015-11-17 07:56:48'),(8740,'/share/other/hunt-329.avi','hunt-329.avi','hunt-329.avi','其他',50,0,1,'2015-11-17 07:56:48'),(8741,'/share/other/iene-337.avi','iene-337.avi','iene-337.avi','其他',50,0,1,'2015-11-17 07:56:48'),(8742,'/share/other/inu-005.avi','inu-005.avi','inu-005.avi','其他',50,0,1,'2015-11-17 07:56:48'),(8743,'/share/other/IPTD-585.avi','IPTD-585.avi','IPTD-585.avi','其他',50,0,1,'2015-11-17 07:56:48'),(8744,'/share/other/eq-016.avi','eq-016.avi','eq-016.avi','其他',50,0,1,'2015-11-17 07:56:48'),(8745,'/share/other/eq-059.avi','eq-059.avi','eq-059.avi','其他',50,0,1,'2015-11-17 07:56:48'),(8746,'/share/other/ESK-238.avi','ESK-238.avi','ESK-238.avi','其他',50,0,1,'2015-11-17 07:56:48'),(8747,'/share/other/esk-251.wmv','esk-251.wmv','esk-251.wmv','其他',50,0,1,'2015-11-17 07:56:48'),(8748,'/share/other/ESK-263.avi','ESK-263.avi','ESK-263.avi','其他',50,0,1,'2015-11-17 07:56:48'),(8749,'/share/other/ESK-266.avi','ESK-266.avi','ESK-266.avi','其他',50,0,1,'2015-11-17 07:56:48'),(8750,'/share/other/abp-276.avi','abp-276.avi','abp-276.avi','其他',50,0,1,'2015-11-17 07:56:48'),(8751,'/share/other/ABP-285.wmv','ABP-285.wmv','ABP-285.wmv','其他',50,0,1,'2015-11-17 07:56:48'),(8752,'/share/other/ABP-345.avi','ABP-345.avi','ABP-345.avi','其他',50,0,1,'2015-11-17 07:56:48'),(8753,'/share/other/ABP-374.wmv','ABP-374.wmv','ABP-374.wmv','其他',50,0,1,'2015-11-17 07:56:48'),(8754,'/share/other/ABP-375.avi','ABP-375.avi','ABP-375.avi','其他',50,0,1,'2015-11-17 07:56:48'),(8755,'/share/other/ABP-376.avi','ABP-376.avi','ABP-376.avi','其他',50,0,1,'2015-11-17 07:56:48'),(8756,'/share/other/ABP-383.avi','ABP-383.avi','ABP-383.avi','其他',50,0,1,'2015-11-17 07:56:48'),(8757,'/share/other/ABP-388.avi','ABP-388.avi','ABP-388.avi','其他',50,0,1,'2015-11-17 07:56:48'),(8758,'/share/other/ABP-390.avi','ABP-390.avi','ABP-390.avi','其他',50,0,1,'2015-11-17 07:56:48'),(8759,'/share/other/ABP-392.avi','ABP-392.avi','ABP-392.avi','其他',50,0,1,'2015-11-17 07:56:48'),(8760,'/share/other/ABS-058.avi','ABS-058.avi','ABS-058.avi','其他',50,0,1,'2015-11-17 07:56:48'),(8761,'/share/other/adz-240.mkv','adz-240.mkv','adz-240.mkv','其他',50,0,1,'2015-11-17 07:56:48'),(8762,'/share/other/AFS-006.avi','AFS-006.avi','AFS-006.avi','其他',50,0,1,'2015-11-17 07:56:48'),(8763,'/share/other/AKA-008.avi','AKA-008.avi','AKA-008.avi','其他',50,0,1,'2015-11-17 07:56:48'),(8764,'/share/other/APAA-303.wmv','APAA-303.wmv','APAA-303.wmv','其他',50,0,1,'2015-11-17 07:56:48'),(8765,'/share/other/APAA-304.wmv','APAA-304.wmv','APAA-304.wmv','其他',50,0,1,'2015-11-17 07:56:49'),(8766,'/share/other/APAA-320.avi','APAA-320.avi','APAA-320.avi','其他',50,0,1,'2015-11-17 07:56:49'),(8767,'/share/other/apaa-322.avi','apaa-322.avi','apaa-322.avi','其他',50,0,1,'2015-11-17 07:56:49'),(8768,'/share/other/CND-142.avi','CND-142.avi','CND-142.avi','其他',50,0,1,'2015-11-17 07:56:49'),(8769,'/share/other/cpm-53.avi','cpm-53.avi','cpm-53.avi','其他',50,0,1,'2015-11-17 07:56:49'),(8770,'/share/other/ctc-002.avi','ctc-002.avi','ctc-002.avi','其他',50,0,1,'2015-11-17 07:56:49'),(8771,'/share/other/cwp-110.avi','cwp-110.avi','cwp-110.avi','其他',50,0,1,'2015-11-17 07:56:49'),(8772,'/share/other/desm-011.avi','desm-011.avi','desm-011.avi','其他',50,0,1,'2015-11-17 07:56:49'),(8773,'/share/other/DFDA-154.wmv','DFDA-154.wmv','DFDA-154.wmv','其他',50,0,1,'2015-11-17 07:56:49'),(8774,'/share/other/dgl-005.avi','dgl-005.avi','dgl-005.avi','其他',50,0,1,'2015-11-17 07:56:49'),(8775,'/share/other/dld-019.avi','dld-019.avi','dld-019.avi','其他',50,0,1,'2015-11-17 07:56:49'),(8776,'/share/other/dld-022.avi','dld-022.avi','dld-022.avi','其他',50,0,1,'2015-11-17 07:56:49');
/*!40000 ALTER TABLE `resources` ENABLE KEYS */;
UNLOCK TABLES;

--
-- Table structure for table `rts`
--

DROP TABLE IF EXISTS `rts`;
/*!40101 SET @saved_cs_client     = @@character_set_client */;
/*!40101 SET character_set_client = utf8 */;
CREATE TABLE `rts` (
  `ID` bigint(4) NOT NULL AUTO_INCREMENT,
  `NAME` char(255) NOT NULL,
  `EXTENSION` varchar(256) NOT NULL,
  `DESC.` varchar(256) NOT NULL,
  PRIMARY KEY (`ID`),
  UNIQUE KEY `NAME` (`NAME`)
) ENGINE=InnoDB AUTO_INCREMENT=4 DEFAULT CHARSET=utf8 COMMENT='资源类型';
/*!40101 SET character_set_client = @saved_cs_client */;

--
-- Dumping data for table `rts`
--

LOCK TABLES `rts` WRITE;
/*!40000 ALTER TABLE `rts` DISABLE KEYS */;
INSERT INTO `rts` VALUES (1,'视频','/\\.(mkv|mp4|mkv)/','视频资源'),(2,'字幕','/\\.(ass)$/','字幕资源'),(3,'COMIC','/\\.(jpg|png|bmp)$/','动漫资源');
/*!40000 ALTER TABLE `rts` ENABLE KEYS */;
UNLOCK TABLES;

--
-- Table structure for table `status`
--

DROP TABLE IF EXISTS `status`;
/*!40101 SET @saved_cs_client     = @@character_set_client */;
/*!40101 SET character_set_client = utf8 */;
CREATE TABLE `status` (
  `ID` bigint(4) NOT NULL AUTO_INCREMENT,
  `NAME` varchar(20) NOT NULL,
  `DESC.` varchar(256) NOT NULL,
  PRIMARY KEY (`ID`),
  UNIQUE KEY `NAME` (`NAME`)
) ENGINE=InnoDB AUTO_INCREMENT=5 DEFAULT CHARSET=utf8 COMMENT='状态列表';
/*!40101 SET character_set_client = @saved_cs_client */;

--
-- Dumping data for table `status`
--

LOCK TABLES `status` WRITE;
/*!40000 ALTER TABLE `status` DISABLE KEYS */;
INSERT INTO `status` VALUES (1,'未知','资源状态未知'),(2,'下载中','资源下载中'),(3,'下载完成','资源下载完成'),(4,'在线','资源在线');
/*!40000 ALTER TABLE `status` ENABLE KEYS */;
UNLOCK TABLES;

--
-- Table structure for table `test`
--

DROP TABLE IF EXISTS `test`;
/*!40101 SET @saved_cs_client     = @@character_set_client */;
/*!40101 SET character_set_client = utf8 */;
CREATE TABLE `test` (
  `ID` bigint(4) NOT NULL AUTO_INCREMENT,
  `KEYWORD` varchar(256) NOT NULL,
  `URL` char(255) NOT NULL,
  `STATUS` bigint(4) NOT NULL,
  `count` bigint(4) DEFAULT NULL,
  `SETUP_TIME` timestamp NOT NULL DEFAULT CURRENT_TIMESTAMP,
  PRIMARY KEY (`ID`),
  UNIQUE KEY `URL` (`URL`)
) ENGINE=InnoDB AUTO_INCREMENT=2033 DEFAULT CHARSET=utf8 COMMENT='种子列表';
/*!40101 SET character_set_client = @saved_cs_client */;

--
-- Dumping data for table `test`
--

LOCK TABLES `test` WRITE;
/*!40000 ALTER TABLE `test` DISABLE KEYS */;
INSERT INTO `test` VALUES (1,'t','3233333t',2,2,'2015-04-02 06:46:42'),(2004,'t','t',0,5,'2015-04-02 06:20:37'),(2010,'t','333t',0,100,'2015-04-02 06:22:01'),(2020,'t','323t',2,113,'2015-04-02 06:25:49'),(2032,'t','3232223333t',2,2,'2015-04-02 06:47:02');
/*!40000 ALTER TABLE `test` ENABLE KEYS */;
UNLOCK TABLES;

--
-- Table structure for table `torrents`
--

DROP TABLE IF EXISTS `torrents`;
/*!40101 SET @saved_cs_client     = @@character_set_client */;
/*!40101 SET character_set_client = utf8 */;
CREATE TABLE `torrents` (
  `ID` bigint(4) NOT NULL AUTO_INCREMENT,
  `KEYWORD` varchar(256) NOT NULL,
  `URL` char(255) NOT NULL,
  `COUNT` bigint(4) NOT NULL,
  `STATUS` bigint(4) NOT NULL,
  `SETUP_TIME` timestamp NOT NULL DEFAULT CURRENT_TIMESTAMP,
  PRIMARY KEY (`ID`),
  UNIQUE KEY `URL` (`URL`),
  KEY `FK_SID` (`STATUS`),
  CONSTRAINT `FK_SID` FOREIGN KEY (`STATUS`) REFERENCES `status` (`ID`)
) ENGINE=InnoDB AUTO_INCREMENT=1430748163 DEFAULT CHARSET=utf8 COMMENT='种子列表';
/*!40101 SET character_set_client = @saved_cs_client */;

--
-- Dumping data for table `torrents`
--

LOCK TABLES `torrents` WRITE;
/*!40000 ALTER TABLE `torrents` DISABLE KEYS */;
INSERT INTO `torrents` VALUES (12,'SCPX 022','http://sukebei.nyaa.se/?page=download&tid=1678869',26,2,'2015-04-02 07:30:55'),(13,'SCPX 022','http://sukebei.nyaa.se/?page=download&tid=1661754',22,2,'2015-04-02 07:30:55'),(14,'SCPX 022','http://sukebei.nyaa.se/?page=download&tid=1658082',22,2,'2015-04-02 07:30:55'),(15,'SCPX 022','magnet:?xt=urn:btih:28edadfb36d9780dea3405f3c40a3abcad47a468',21,2,'2015-04-02 07:30:55'),(16,'SCPX 022','magnet:?xt=urn:btih:b0b087beda24d5fb8f1f3487948e707bcdc487f6',21,2,'2015-04-02 07:30:55'),(17,'SCPX 022','magnet:?xt=urn:btih:1192f0efa3fce4803060ca4559b5a5b4c5c43ef9',21,2,'2015-04-02 07:30:55'),(18,'SCPX 023','http://sukebei.nyaa.se/?page=download&tid=1678870',21,2,'2015-04-02 07:30:55'),(19,'SCPX 023','http://sukebei.nyaa.se/?page=download&tid=1677071',21,2,'2015-04-02 07:30:55'),(20,'SCPX 023','http://sukebei.nyaa.se/?page=download&tid=1661835',21,2,'2015-04-02 07:30:55'),(21,'SCPX 023','magnet:?xt=urn:btih:0d483a4d486cec0dd204f9d0c9e9d0c057799761',21,2,'2015-04-02 07:30:55'),(22,'SCPX 023','magnet:?xt=urn:btih:9a704e9bfac35967609a290acd379fe4e686886b',21,2,'2015-04-02 07:30:55'),(23,'SCPX 023','magnet:?xt=urn:btih:5c30229c8e3385be634a26cd0d42f3327fd31c9e',21,2,'2015-04-02 07:30:55'),(24,'CND 128','http://sukebei.nyaa.se/?page=download&tid=1678793',21,2,'2015-04-02 07:30:55'),(25,'CND 128','http://sukebei.nyaa.se/?page=download&tid=1666992',21,2,'2015-04-02 07:30:56'),(26,'CND 128','http://sukebei.nyaa.se/?page=download&tid=1663807',21,2,'2015-04-02 07:30:56'),(27,'CND 128','magnet:?xt=urn:btih:f6dcebc41d42ccaa3bde298c516226b4ed625039',21,2,'2015-04-02 07:30:56'),(28,'CND 128','magnet:?xt=urn:btih:6c8657ab2548d80afc17d4b6158bd4535af3d8bf',22,2,'2015-04-02 07:30:56'),(29,'CND 128','magnet:?xt=urn:btih:98f38657ccde608f99a40510de58c3cc3f348a42',21,2,'2015-04-02 07:30:56'),(30,'ESK 260','magnet:?xt=urn:btih:d11d0a93fdf4d27f284d636e9e235f158b66d103',25,2,'2015-04-02 07:30:56'),(31,'ESK 260','magnet:?xt=urn:btih:cf04bcbcf831358d5423fa5aea330cf4a6bdaa46',21,2,'2015-04-02 07:30:56'),(32,'ESK 260','magnet:?xt=urn:btih:8f81193cbd8cebb8262156950a7a63f8c58369c0',21,2,'2015-04-02 07:30:56'),(33,'raw 19','magnet:?xt=urn:btih:5d32539ffe549cc86bbb659ba30add0680d84b49',21,2,'2015-04-02 07:30:56'),(34,'raw 19','magnet:?xt=urn:btih:0d3fa00d127def6baf5dc904c7cddb73e7646027',21,2,'2015-04-02 07:30:56'),(35,'raw 19','magnet:?xt=urn:btih:8f1df54ecebf9f866caeac20557676afa17399ba',22,2,'2015-04-02 07:30:56'),(36,'raw 16','http://sukebei.nyaa.se/?page=download&tid=1327723',24,2,'2015-04-02 07:30:56'),(37,'raw 16','http://sukebei.nyaa.se/?page=download&tid=1324013',21,2,'2015-04-02 07:30:56'),(38,'raw 16','http://sukebei.nyaa.se/?page=download&tid=1322957',21,2,'2015-04-02 07:30:56'),(39,'raw 16','magnet:?xt=urn:btih:287d9ed637911341230cd78999d6381f479c5b1c',21,2,'2015-04-02 07:30:56'),(40,'raw 16','magnet:?xt=urn:btih:23f998f58df3135c5c00a449a202d6e2fb725d29',21,2,'2015-04-02 07:30:56'),(41,'raw 16','magnet:?xt=urn:btih:bc0b4a1d30f9e37dc60575f5e55e7864e517bfc8',22,2,'2015-04-02 07:30:56'),(719,'ZIZG 008','http://sukebei.nyaa.se/?page=download&tid=1677269',18,2,'2015-04-03 01:58:38'),(720,'ZIZG 008','http://sukebei.nyaa.se/?page=download&tid=1676658',17,2,'2015-04-03 01:58:39'),(721,'ZIZG 008','magnet:?xt=urn:btih:8a3dd040257dc80845ab91bbec757b4e774ed6a5',17,2,'2015-04-03 01:58:39'),(722,'ZIZG 008','magnet:?xt=urn:btih:d3d8ccb6ae61a25111b4f127ea780b4d0252d0de',17,2,'2015-04-03 01:58:39'),(723,'ZIZG 008','magnet:?xt=urn:btih:4a0d0b3492f132cdf6228e497023a7948c824e93',17,2,'2015-04-03 01:58:39'),(724,'ADN 057','http://sukebei.nyaa.se/?page=download&tid=1680973',17,2,'2015-04-03 01:58:39'),(725,'ADN 057','http://sukebei.nyaa.se/?page=download&tid=1680734',17,2,'2015-04-03 01:58:39'),(726,'ADN 057','http://sukebei.nyaa.se/?page=download&tid=1680676',17,2,'2015-04-03 01:58:39'),(727,'ADN 057','magnet:?xt=urn:btih:176f928a6f20dc473ca8fbff90dd54715e21af2e',17,2,'2015-04-03 01:58:39'),(728,'ADN 057','magnet:?xt=urn:btih:145739422f84d08a2dfa94bfb3f272d3e8f02c1d',17,2,'2015-04-03 01:58:39'),(729,'ADN 057','magnet:?xt=urn:btih:1e47050d2d12c694f137b7598f28938b42d748fc',17,2,'2015-04-03 01:58:39'),(730,'MXGS 754','http://sukebei.nyaa.se/?page=download&tid=1680186',17,2,'2015-04-03 01:58:39'),(731,'MXGS 754','http://sukebei.nyaa.se/?page=download&tid=1680070',17,2,'2015-04-03 01:58:39'),(732,'MXGS 754','http://sukebei.nyaa.se/?page=download&tid=1679677',17,2,'2015-04-03 01:58:39'),(733,'MXGS 754','magnet:?xt=urn:btih:10ccf979304a2c9d6c005a17bdb5076d984341b0',17,2,'2015-04-03 01:58:39'),(734,'MXGS 754','magnet:?xt=urn:btih:6b9e819a609c3fa7a05901df3f92a3c64bccf042',17,2,'2015-04-03 01:58:39'),(735,'MXGS 754','magnet:?xt=urn:btih:df790f5f31f6940546e3abcfa434f1d0cb25aadf',17,2,'2015-04-03 01:58:39'),(736,'HVG 014','http://sukebei.nyaa.se/?page=download&tid=1679347',17,2,'2015-04-03 01:58:39'),(737,'HVG 014','http://sukebei.nyaa.se/?page=download&tid=1679123',17,2,'2015-04-03 01:58:39'),(738,'HVG 014','http://sukebei.nyaa.se/?page=download&tid=1673514',16,2,'2015-04-03 01:58:41'),(739,'HVG 014','magnet:?xt=urn:btih:dc50779fa64fbf0bb587d93d235002e0e3eb4a17',32,2,'2015-04-03 01:58:41'),(740,'HVG 014','magnet:?xt=urn:btih:874b7cb638be55195e54d7996ddded5ed39996dd',32,2,'2015-04-03 01:58:42'),(741,'HVG 014','magnet:?xt=urn:btih:767ace7901a5b9fc8e1d3ae9a750ae460aef4b4a',32,2,'2015-04-03 01:58:42'),(745,'SCR 112','http://sukebei.nyaa.se/?page=download&tid=1678739',16,2,'2015-04-03 01:58:42'),(746,'SCR 112','http://sukebei.nyaa.se/?page=download&tid=1678576',15,2,'2015-04-03 01:58:42'),(747,'SCR 112','http://sukebei.nyaa.se/?page=download&tid=1678304',15,2,'2015-04-03 01:58:42'),(748,'SCR 112','magnet:?xt=urn:btih:7a7abc7c24f6eb5324118db8df5a258f7c648b50',15,2,'2015-04-03 01:58:42'),(749,'SCR 112','magnet:?xt=urn:btih:e9849251da6b17e5e688c592aef1228c028c153b',15,2,'2015-04-03 01:58:42'),(750,'SCR 112','magnet:?xt=urn:btih:19b17d7a43f03ede358398141ba42f5b0b6c4b6b',15,2,'2015-04-03 01:58:42'),(751,'ABP 277','http://sukebei.nyaa.se/?page=download&tid=1680768',15,2,'2015-04-03 01:58:42'),(752,'ABP 277','http://sukebei.nyaa.se/?page=download&tid=1678875',15,2,'2015-04-03 01:58:42'),(753,'ABP 277','http://sukebei.nyaa.se/?page=download&tid=1678778',15,2,'2015-04-03 01:58:42'),(754,'ABP 277','magnet:?xt=urn:btih:eda74dfc65a53b52be8c3cf58b358332c1e394bb',15,2,'2015-04-03 01:58:42'),(755,'ABP 277','magnet:?xt=urn:btih:5c1f1e7a63cb5757008b5f479620a2d735b66723',15,2,'2015-04-03 01:58:42'),(756,'ABP 277','magnet:?xt=urn:btih:e591dfa49c250e79e8208e2bbddb9506824f7dc3',15,2,'2015-04-03 01:58:42'),(757,'GVG 122','http://sukebei.nyaa.se/?page=download&tid=1679990',15,2,'2015-04-03 01:58:42'),(758,'GVG 122','http://sukebei.nyaa.se/?page=download&tid=1679465',15,2,'2015-04-03 01:58:43'),(759,'GVG 122','http://sukebei.nyaa.se/?page=download&tid=1679425',15,2,'2015-04-03 01:58:43'),(760,'GVG 122','magnet:?xt=urn:btih:43442ca56e08ab6b413de48c5ce9751f877c72d3',15,2,'2015-04-03 01:58:43'),(761,'GVG 122','magnet:?xt=urn:btih:71587fc6ec700f84495ab098772bdf3515518211',15,2,'2015-04-03 01:58:43'),(762,'GVG 122','magnet:?xt=urn:btih:9c312f06c53473090d3c7002a70c4e0731bad51d',15,2,'2015-04-03 01:58:43'),(763,'ABC 055','http://sukebei.nyaa.se/?page=download&tid=1680106',15,2,'2015-04-03 01:58:43'),(764,'ABC 055','http://sukebei.nyaa.se/?page=download&tid=1679238',15,2,'2015-04-03 01:58:43'),(765,'ABC 055','http://sukebei.nyaa.se/?page=download&tid=1679175',15,2,'2015-04-03 01:58:43'),(766,'ABC 055','magnet:?xt=urn:btih:b8ad225d389be3854573b416674d133c191f9a83',15,2,'2015-04-03 01:58:43'),(767,'ABC 055','magnet:?xt=urn:btih:1dff0f27a8d2aa2f41eb7f3aa5bb737838365526',15,2,'2015-04-03 01:58:43'),(768,'ABC 055','magnet:?xt=urn:btih:8044d8c5e4a574511c64164fdb337b8d7bd82acd',15,2,'2015-04-03 01:58:43'),(769,'ODFP 01','http://sukebei.nyaa.se/?page=download&tid=1680591',15,2,'2015-04-03 01:58:43'),(770,'ODFP 01','http://sukebei.nyaa.se/?page=download&tid=1680574',15,2,'2015-04-03 01:58:43'),(771,'ODFP 01','http://sukebei.nyaa.se/?page=download&tid=1679243',45,2,'2015-04-03 01:58:43'),(772,'ODFP 01','magnet:?xt=urn:btih:12478563f7c9daee4e0f8f8875fbc626c321021c',45,2,'2015-04-03 01:58:43'),(773,'ODFP 01','magnet:?xt=urn:btih:c530ec9e4d7462c1982b5d7dcd0067f3ec6db60e',45,2,'2015-04-03 01:58:43'),(774,'ODFP 01','magnet:?xt=urn:btih:aabdcf3e0d88a76e1f96a366b7c6b42972c8ce60',45,2,'2015-04-03 01:58:43'),(776,'ODFP 011','http://sukebei.nyaa.se/?page=download&tid=1679172',30,2,'2015-04-03 01:58:43'),(785,'AFS 006','http://sukebei.nyaa.se/?page=download&tid=1680825',15,2,'2015-04-03 01:58:43'),(786,'AFS 006','http://sukebei.nyaa.se/?page=download&tid=1679239',14,2,'2015-04-03 01:58:43'),(787,'AFS 006','http://sukebei.nyaa.se/?page=download&tid=1679167',14,2,'2015-04-03 01:58:43'),(788,'AFS 006','magnet:?xt=urn:btih:412b0200b13b012a30e61ece285f3304ce2279b0',14,2,'2015-04-03 01:58:43'),(789,'AFS 006','magnet:?xt=urn:btih:e7c505be03b327b3b25dee1e0cc0fca1a7c11d2a',14,2,'2015-04-03 01:58:43'),(790,'AFS 006','magnet:?xt=urn:btih:81dae6373d0617e6fd5b1aba8a02558f79e559a1',14,2,'2015-04-03 01:58:43'),(792,'333','3333',0,1,'0000-00-00 00:00:00'),(12345,'3334','33334',0,1,'0000-00-00 00:00:00'),(1430748162,'','qqc',0,1,'2015-05-04 14:02:42');
/*!40000 ALTER TABLE `torrents` ENABLE KEYS */;
UNLOCK TABLES;

--
-- Table structure for table `users`
--

DROP TABLE IF EXISTS `users`;
/*!40101 SET @saved_cs_client     = @@character_set_client */;
/*!40101 SET character_set_client = utf8 */;
CREATE TABLE `users` (
  `ID` bigint(4) unsigned zerofill NOT NULL AUTO_INCREMENT,
  `NAME` varchar(20) NOT NULL,
  `DESC.` varchar(256) NOT NULL,
  `KEYWORD` varchar(256) NOT NULL,
  `PASSWORD` varchar(22) NOT NULL,
  `QQ` varchar(11) NOT NULL,
  `EMAIL` varchar(32) NOT NULL,
  `GID` bigint(4) NOT NULL,
  PRIMARY KEY (`ID`),
  UNIQUE KEY `NAME` (`NAME`),
  UNIQUE KEY `EMAIL` (`EMAIL`),
  UNIQUE KEY `QQ` (`QQ`),
  KEY `FK_GID` (`GID`),
  CONSTRAINT `FK_GID` FOREIGN KEY (`GID`) REFERENCES `groups` (`ID`)
) ENGINE=InnoDB AUTO_INCREMENT=4 DEFAULT CHARSET=utf8 COMMENT='用户列表';
/*!40101 SET character_set_client = @saved_cs_client */;

--
-- Dumping data for table `users`
--

LOCK TABLES `users` WRITE;
/*!40000 ALTER TABLE `users` DISABLE KEYS */;
INSERT INTO `users` VALUES (0002,'guest','游客','游客','1234356','1233456','123456',4),(0003,'ly','admin','站长','123456','921423202','hoopxxl@163.com',1000);
/*!40000 ALTER TABLE `users` ENABLE KEYS */;
UNLOCK TABLES;
/*!40103 SET TIME_ZONE=@OLD_TIME_ZONE */;

/*!40101 SET SQL_MODE=@OLD_SQL_MODE */;
/*!40014 SET FOREIGN_KEY_CHECKS=@OLD_FOREIGN_KEY_CHECKS */;
/*!40014 SET UNIQUE_CHECKS=@OLD_UNIQUE_CHECKS */;
/*!40101 SET CHARACTER_SET_CLIENT=@OLD_CHARACTER_SET_CLIENT */;
/*!40101 SET CHARACTER_SET_RESULTS=@OLD_CHARACTER_SET_RESULTS */;
/*!40101 SET COLLATION_CONNECTION=@OLD_COLLATION_CONNECTION */;
/*!40111 SET SQL_NOTES=@OLD_SQL_NOTES */;

-- Dump completed on 2015-11-20 19:00:27
